Nick Buchert,2,8,0.25,76ers
Nick Buchert,6,8,0.75,Bucks
Nick Buchert,4,8,0.5,Bulls
Nick Buchert,1,6,0.16666666666666666,Cavaliers
Nick Buchert,3,4,0.75,Celtics
Nick Buchert,2,4,0.5,Clippers
Nick Buchert,6,5,1.2,Grizzlies
Nick Buchert,4,7,0.5714285714285714,Hawks
Nick Buchert,2,6,0.3333333333333333,Heat
Nick Buchert,2,8,0.25,Hornets
Nick Buchert,0,4,0.0,Jazz
Nick Buchert,2,7,0.2857142857142857,Kings
Nick Buchert,6,12,0.5,Knicks
Nick Buchert,2,6,0.3333333333333333,Lakers
Nick Buchert,3,5,0.6,Magic
Nick Buchert,1,6,0.16666666666666666,Mavericks
Nick Buchert,1,8,0.125,Nets
Nick Buchert,0,5,0.0,Nuggets
Nick Buchert,5,7,0.7142857142857143,Pacers
Nick Buchert,0,8,0.0,Pelicans
Nick Buchert,2,7,0.2857142857142857,Pistons
Nick Buchert,1,6,0.16666666666666666,Raptors
Nick Buchert,6,7,0.8571428571428571,Rockets
Nick Buchert,1,10,0.1,Spurs
Nick Buchert,4,9,0.4444444444444444,Suns
Nick Buchert,2,10,0.2,Thunder
Nick Buchert,1,7,0.14285714285714285,Timberwolves
Nick Buchert,3,7,0.42857142857142855,Trail Blazers
Nick Buchert,3,5,0.6,Warriors
Nick Buchert,1,6,0.16666666666666666,Wizards
Sean Wright,0,6,0.0,76ers
Sean Wright,6,8,0.75,Bucks
Sean Wright,1,8,0.125,Bulls
Sean Wright,6,7,0.8571428571428571,Cavaliers
Sean Wright,4,7,0.5714285714285714,Celtics
Sean Wright,2,9,0.2222222222222222,Clippers
Sean Wright,8,8,1.0,Grizzlies
Sean Wright,1,10,0.1,Hawks
Sean Wright,3,7,0.42857142857142855,Heat
Sean Wright,8,9,0.8888888888888888,Hornets
Sean Wright,1,7,0.14285714285714285,Jazz
Sean Wright,5,7,0.7142857142857143,Kings
Sean Wright,0,6,0.0,Knicks
Sean Wright,2,5,0.4,Lakers
Sean Wright,1,6,0.16666666666666666,Magic
Sean Wright,1,4,0.25,Mavericks
Sean Wright,3,8,0.375,Nets
Sean Wright,1,7,0.14285714285714285,Nuggets
Sean Wright,4,4,1.0,Pacers
Sean Wright,0,4,0.0,Pelicans
Sean Wright,5,6,0.8333333333333334,Pistons
Sean Wright,3,7,0.42857142857142855,Raptors
Sean Wright,2,6,0.3333333333333333,Rockets
Sean Wright,0,6,0.0,Spurs
Sean Wright,2,5,0.4,Suns
Sean Wright,4,9,0.4444444444444444,Thunder
Sean Wright,1,3,0.3333333333333333,Timberwolves
Sean Wright,2,5,0.4,Trail Blazers
Sean Wright,3,5,0.6,Warriors
Sean Wright,2,5,0.4,Wizards
Kane Fitzgerald,1,4,0.25,76ers
Kane Fitzgerald,0,7,0.0,Bucks
Kane Fitzgerald,2,6,0.3333333333333333,Bulls
Kane Fitzgerald,3,6,0.5,Cavaliers
Kane Fitzgerald,8,13,0.6153846153846154,Celtics
Kane Fitzgerald,4,8,0.5,Clippers
Kane Fitzgerald,2,7,0.2857142857142857,Grizzlies
Kane Fitzgerald,3,6,0.5,Hawks
Kane Fitzgerald,4,6,0.6666666666666666,Heat
Kane Fitzgerald,2,3,0.6666666666666666,Hornets
Kane Fitzgerald,1,8,0.125,Jazz
Kane Fitzgerald,4,4,1.0,Kings
Kane Fitzgerald,7,9,0.7777777777777778,Knicks
Kane Fitzgerald,5,8,0.625,Lakers
Kane Fitzgerald,1,8,0.125,Magic
Kane Fitzgerald,4,9,0.4444444444444444,Mavericks
Kane Fitzgerald,10,10,1.0,Nets
Kane Fitzgerald,3,7,0.42857142857142855,Nuggets
Kane Fitzgerald,3,9,0.3333333333333333,Pacers
Kane Fitzgerald,3,5,0.6,Pelicans
Kane Fitzgerald,4,7,0.5714285714285714,Pistons
Kane Fitzgerald,0,10,0.0,Raptors
Kane Fitzgerald,5,5,1.0,Rockets
Kane Fitzgerald,1,7,0.14285714285714285,Spurs
Kane Fitzgerald,6,7,0.8571428571428571,Suns
Kane Fitzgerald,4,8,0.5,Thunder
Kane Fitzgerald,2,6,0.3333333333333333,Timberwolves
Kane Fitzgerald,1,5,0.2,Trail Blazers
Kane Fitzgerald,5,6,0.8333333333333334,Warriors
Kane Fitzgerald,2,8,0.25,Wizards
Tony Brown,2,5,0.4,76ers
Tony Brown,0,4,0.0,Bucks
Tony Brown,1,6,0.16666666666666666,Bulls
Tony Brown,4,6,0.6666666666666666,Cavaliers
Tony Brown,1,7,0.14285714285714285,Celtics
Tony Brown,4,6,0.6666666666666666,Clippers
Tony Brown,5,9,0.5555555555555556,Grizzlies
Tony Brown,3,6,0.5,Hawks
Tony Brown,5,6,0.8333333333333334,Heat
Tony Brown,3,6,0.5,Hornets
Tony Brown,0,3,0.0,Jazz
Tony Brown,1,5,0.2,Kings
Tony Brown,4,8,0.5,Knicks
Tony Brown,0,4,0.0,Lakers
Tony Brown,3,6,0.5,Magic
Tony Brown,7,8,0.875,Mavericks
Tony Brown,2,9,0.2222222222222222,Nets
Tony Brown,2,5,0.4,Nuggets
Tony Brown,1,7,0.14285714285714285,Pacers
Tony Brown,4,6,0.6666666666666666,Pelicans
Tony Brown,2,6,0.3333333333333333,Pistons
Tony Brown,4,7,0.5714285714285714,Raptors
Tony Brown,9,6,1.5,Rockets
Tony Brown,2,7,0.2857142857142857,Spurs
Tony Brown,3,4,0.75,Suns
Tony Brown,3,7,0.42857142857142855,Thunder
Tony Brown,0,6,0.0,Timberwolves
Tony Brown,1,7,0.14285714285714285,Trail Blazers
Tony Brown,1,4,0.25,Warriors
Tony Brown,4,6,0.6666666666666666,Wizards
Lauren Holtkamp,2,4,0.5,76ers
Lauren Holtkamp,2,6,0.3333333333333333,Bucks
Lauren Holtkamp,0,5,0.0,Bulls
Lauren Holtkamp,0,7,0.0,Cavaliers
Lauren Holtkamp,2,8,0.25,Celtics
Lauren Holtkamp,7,6,1.1666666666666667,Clippers
Lauren Holtkamp,0,6,0.0,Grizzlies
Lauren Holtkamp,0,5,0.0,Hawks
Lauren Holtkamp,0,7,0.0,Heat
Lauren Holtkamp,2,6,0.3333333333333333,Hornets
Lauren Holtkamp,2,5,0.4,Jazz
Lauren Holtkamp,1,5,0.2,Kings
Lauren Holtkamp,3,9,0.3333333333333333,Knicks
Lauren Holtkamp,0,5,0.0,Lakers
Lauren Holtkamp,2,6,0.3333333333333333,Magic
Lauren Holtkamp,0,6,0.0,Mavericks
Lauren Holtkamp,3,7,0.42857142857142855,Nets
Lauren Holtkamp,1,3,0.3333333333333333,Nuggets
Lauren Holtkamp,1,8,0.125,Pacers
Lauren Holtkamp,4,8,0.5,Pelicans
Lauren Holtkamp,8,8,1.0,Pistons
Lauren Holtkamp,1,5,0.2,Raptors
Lauren Holtkamp,2,4,0.5,Rockets
Lauren Holtkamp,2,3,0.6666666666666666,Spurs
Lauren Holtkamp,1,4,0.25,Suns
Lauren Holtkamp,6,9,0.6666666666666666,Thunder
Lauren Holtkamp,3,6,0.5,Timberwolves
Lauren Holtkamp,2,4,0.5,Trail Blazers
Lauren Holtkamp,2,4,0.5,Warriors
Lauren Holtkamp,2,3,0.6666666666666666,Wizards
Marc Davis,2,5,0.4,76ers
Marc Davis,6,10,0.6,Bucks
Marc Davis,14,11,1.2727272727272727,Bulls
Marc Davis,1,7,0.14285714285714285,Cavaliers
Marc Davis,2,5,0.4,Celtics
Marc Davis,6,7,0.8571428571428571,Clippers
Marc Davis,3,6,0.5,Grizzlies
Marc Davis,5,8,0.625,Hawks
Marc Davis,5,10,0.5,Heat
Marc Davis,4,11,0.36363636363636365,Hornets
Marc Davis,3,8,0.375,Jazz
Marc Davis,1,5,0.2,Kings
Marc Davis,8,5,1.6,Knicks
Marc Davis,7,9,0.7777777777777778,Lakers
Marc Davis,4,6,0.6666666666666666,Magic
Marc Davis,3,6,0.5,Mavericks
Marc Davis,3,7,0.42857142857142855,Nets
Marc Davis,4,9,0.4444444444444444,Nuggets
Marc Davis,3,9,0.3333333333333333,Pacers
Marc Davis,0,8,0.0,Pelicans
Marc Davis,4,5,0.8,Pistons
Marc Davis,2,5,0.4,Raptors
Marc Davis,4,10,0.4,Rockets
Marc Davis,1,5,0.2,Spurs
Marc Davis,2,7,0.2857142857142857,Suns
Marc Davis,3,8,0.375,Thunder
Marc Davis,0,5,0.0,Timberwolves
Marc Davis,2,4,0.5,Trail Blazers
Marc Davis,6,6,1.0,Warriors
Marc Davis,3,5,0.6,Wizards
Derrick Stafford,1,6,0.16666666666666666,76ers
Derrick Stafford,1,2,0.5,Bucks
Derrick Stafford,3,7,0.42857142857142855,Bulls
Derrick Stafford,1,8,0.125,Cavaliers
Derrick Stafford,1,4,0.25,Celtics
Derrick Stafford,3,6,0.5,Clippers
Derrick Stafford,0,7,0.0,Grizzlies
Derrick Stafford,1,5,0.2,Hawks
Derrick Stafford,3,5,0.6,Heat
Derrick Stafford,5,11,0.45454545454545453,Hornets
Derrick Stafford,1,8,0.125,Jazz
Derrick Stafford,8,6,1.3333333333333333,Kings
Derrick Stafford,3,5,0.6,Knicks
Derrick Stafford,2,7,0.2857142857142857,Lakers
Derrick Stafford,2,4,0.5,Magic
Derrick Stafford,1,5,0.2,Mavericks
Derrick Stafford,0,5,0.0,Nets
Derrick Stafford,7,7,1.0,Nuggets
Derrick Stafford,5,6,0.8333333333333334,Pacers
Derrick Stafford,4,5,0.8,Pelicans
Derrick Stafford,1,8,0.125,Pistons
Derrick Stafford,2,8,0.25,Raptors
Derrick Stafford,2,6,0.3333333333333333,Rockets
Derrick Stafford,1,5,0.2,Spurs
Derrick Stafford,4,5,0.8,Suns
Derrick Stafford,4,12,0.3333333333333333,Thunder
Derrick Stafford,0,5,0.0,Timberwolves
Derrick Stafford,0,7,0.0,Trail Blazers
Derrick Stafford,7,5,1.4,Warriors
Derrick Stafford,1,8,0.125,Wizards
Ron Garretson,1,7,0.14285714285714285,76ers
Ron Garretson,2,5,0.4,Bucks
Ron Garretson,3,6,0.5,Bulls
Ron Garretson,2,5,0.4,Cavaliers
Ron Garretson,0,5,0.0,Celtics
Ron Garretson,6,9,0.6666666666666666,Clippers
Ron Garretson,5,9,0.5555555555555556,Grizzlies
Ron Garretson,1,4,0.25,Hawks
Ron Garretson,3,5,0.6,Heat
Ron Garretson,2,5,0.4,Hornets
Ron Garretson,2,4,0.5,Jazz
Ron Garretson,4,12,0.3333333333333333,Kings
Ron Garretson,1,10,0.1,Knicks
Ron Garretson,4,9,0.4444444444444444,Lakers
Ron Garretson,1,6,0.16666666666666666,Magic
Ron Garretson,1,6,0.16666666666666666,Mavericks
Ron Garretson,0,5,0.0,Nets
Ron Garretson,2,8,0.25,Nuggets
Ron Garretson,0,4,0.0,Pacers
Ron Garretson,4,9,0.4444444444444444,Pelicans
Ron Garretson,2,6,0.3333333333333333,Pistons
Ron Garretson,4,5,0.8,Raptors
Ron Garretson,3,4,0.75,Rockets
Ron Garretson,2,7,0.2857142857142857,Spurs
Ron Garretson,4,9,0.4444444444444444,Suns
Ron Garretson,2,5,0.4,Thunder
Ron Garretson,1,8,0.125,Timberwolves
Ron Garretson,2,7,0.2857142857142857,Trail Blazers
Ron Garretson,2,10,0.2,Warriors
Ron Garretson,1,6,0.16666666666666666,Wizards
Derrick Collins,0,2,0.0,76ers
Derrick Collins,7,8,0.875,Bucks
Derrick Collins,0,5,0.0,Bulls
Derrick Collins,1,7,0.14285714285714285,Cavaliers
Derrick Collins,2,5,0.4,Celtics
Derrick Collins,2,4,0.5,Clippers
Derrick Collins,5,5,1.0,Grizzlies
Derrick Collins,1,9,0.1111111111111111,Hawks
Derrick Collins,4,6,0.6666666666666666,Heat
Derrick Collins,5,9,0.5555555555555556,Hornets
Derrick Collins,1,5,0.2,Jazz
Derrick Collins,3,4,0.75,Kings
Derrick Collins,7,9,0.7777777777777778,Knicks
Derrick Collins,3,5,0.6,Lakers
Derrick Collins,6,8,0.75,Magic
Derrick Collins,3,10,0.3,Mavericks
Derrick Collins,7,10,0.7,Nets
Derrick Collins,5,3,1.6666666666666667,Nuggets
Derrick Collins,1,6,0.16666666666666666,Pacers
Derrick Collins,3,9,0.3333333333333333,Pelicans
Derrick Collins,3,8,0.375,Pistons
Derrick Collins,2,5,0.4,Raptors
Derrick Collins,0,5,0.0,Rockets
Derrick Collins,0,8,0.0,Spurs
Derrick Collins,6,8,0.75,Suns
Derrick Collins,5,8,0.625,Thunder
Derrick Collins,2,8,0.25,Timberwolves
Derrick Collins,2,8,0.25,Trail Blazers
Derrick Collins,4,8,0.5,Warriors
Derrick Collins,7,5,1.4,Wizards
CJ Washington,0,1,0.0,Bucks
CJ Washington,1,3,0.3333333333333333,Bulls
CJ Washington,1,1,1.0,Cavaliers
CJ Washington,0,1,0.0,Clippers
CJ Washington,1,2,0.5,Grizzlies
CJ Washington,2,2,1.0,Hawks
CJ Washington,0,3,0.0,Heat
CJ Washington,2,3,0.6666666666666666,Hornets
CJ Washington,1,1,1.0,Jazz
CJ Washington,0,2,0.0,Kings
CJ Washington,0,1,0.0,Knicks
CJ Washington,2,1,2.0,Lakers
CJ Washington,0,2,0.0,Magic
CJ Washington,1,3,0.3333333333333333,Mavericks
CJ Washington,0,1,0.0,Nuggets
CJ Washington,0,3,0.0,Pacers
CJ Washington,0,1,0.0,Pistons
CJ Washington,0,2,0.0,Rockets
CJ Washington,0,2,0.0,Spurs
CJ Washington,2,3,0.6666666666666666,Suns
CJ Washington,0,2,0.0,Thunder
CJ Washington,0,1,0.0,Timberwolves
CJ Washington,0,1,0.0,Trail Blazers
CJ Washington,0,2,0.0,Warriors
CJ Washington,5,4,1.25,Wizards
Monty McCutchen,3,6,0.5,76ers
Monty McCutchen,1,4,0.25,Bucks
Monty McCutchen,0,5,0.0,Bulls
Monty McCutchen,2,5,0.4,Cavaliers
Monty McCutchen,5,5,1.0,Celtics
Monty McCutchen,6,6,1.0,Clippers
Monty McCutchen,0,4,0.0,Grizzlies
Monty McCutchen,6,6,1.0,Hawks
Monty McCutchen,0,6,0.0,Heat
Monty McCutchen,1,4,0.25,Hornets
Monty McCutchen,0,5,0.0,Jazz
Monty McCutchen,5,5,1.0,Kings
Monty McCutchen,5,8,0.625,Knicks
Monty McCutchen,9,5,1.8,Lakers
Monty McCutchen,0,2,0.0,Magic
Monty McCutchen,3,6,0.5,Mavericks
Monty McCutchen,0,8,0.0,Nets
Monty McCutchen,1,5,0.2,Nuggets
Monty McCutchen,2,4,0.5,Pacers
Monty McCutchen,2,6,0.3333333333333333,Pelicans
Monty McCutchen,1,5,0.2,Pistons
Monty McCutchen,2,5,0.4,Raptors
Monty McCutchen,0,5,0.0,Rockets
Monty McCutchen,0,6,0.0,Spurs
Monty McCutchen,5,7,0.7142857142857143,Suns
Monty McCutchen,4,6,0.6666666666666666,Thunder
Monty McCutchen,1,6,0.16666666666666666,Timberwolves
Monty McCutchen,1,5,0.2,Trail Blazers
Monty McCutchen,12,9,1.3333333333333333,Warriors
Monty McCutchen,4,7,0.5714285714285714,Wizards
Ed Malloy,2,5,0.4,76ers
Ed Malloy,4,8,0.5,Bucks
Ed Malloy,5,5,1.0,Bulls
Ed Malloy,2,6,0.3333333333333333,Cavaliers
Ed Malloy,4,7,0.5714285714285714,Celtics
Ed Malloy,7,9,0.7777777777777778,Clippers
Ed Malloy,0,6,0.0,Grizzlies
Ed Malloy,3,6,0.5,Hawks
Ed Malloy,6,6,1.0,Heat
Ed Malloy,0,2,0.0,Hornets
Ed Malloy,4,12,0.3333333333333333,Jazz
Ed Malloy,5,7,0.7142857142857143,Kings
Ed Malloy,1,8,0.125,Knicks
Ed Malloy,3,9,0.3333333333333333,Lakers
Ed Malloy,0,3,0.0,Magic
Ed Malloy,4,9,0.4444444444444444,Mavericks
Ed Malloy,8,5,1.6,Nets
Ed Malloy,1,7,0.14285714285714285,Nuggets
Ed Malloy,5,7,0.7142857142857143,Pacers
Ed Malloy,3,5,0.6,Pelicans
Ed Malloy,0,4,0.0,Pistons
Ed Malloy,8,8,1.0,Raptors
Ed Malloy,6,7,0.8571428571428571,Rockets
Ed Malloy,2,9,0.2222222222222222,Spurs
Ed Malloy,8,8,1.0,Suns
Ed Malloy,7,9,0.7777777777777778,Thunder
Ed Malloy,0,7,0.0,Timberwolves
Ed Malloy,2,8,0.25,Trail Blazers
Ed Malloy,4,11,0.36363636363636365,Warriors
Ed Malloy,2,5,0.4,Wizards
Zach Zarba,1,7,0.14285714285714285,76ers
Zach Zarba,7,7,1.0,Bucks
Zach Zarba,0,7,0.0,Bulls
Zach Zarba,0,5,0.0,Cavaliers
Zach Zarba,7,9,0.7777777777777778,Celtics
Zach Zarba,1,7,0.14285714285714285,Clippers
Zach Zarba,4,6,0.6666666666666666,Grizzlies
Zach Zarba,1,5,0.2,Hawks
Zach Zarba,1,3,0.3333333333333333,Heat
Zach Zarba,12,9,1.3333333333333333,Hornets
Zach Zarba,0,4,0.0,Jazz
Zach Zarba,8,4,2.0,Kings
Zach Zarba,6,8,0.75,Knicks
Zach Zarba,1,6,0.16666666666666666,Lakers
Zach Zarba,1,2,0.5,Magic
Zach Zarba,3,4,0.75,Mavericks
Zach Zarba,2,6,0.3333333333333333,Nets
Zach Zarba,1,4,0.25,Nuggets
Zach Zarba,3,6,0.5,Pacers
Zach Zarba,2,6,0.3333333333333333,Pelicans
Zach Zarba,2,7,0.2857142857142857,Pistons
Zach Zarba,1,3,0.3333333333333333,Raptors
Zach Zarba,5,8,0.625,Rockets
Zach Zarba,2,7,0.2857142857142857,Spurs
Zach Zarba,7,5,1.4,Suns
Zach Zarba,6,5,1.2,Thunder
Zach Zarba,2,10,0.2,Timberwolves
Zach Zarba,4,6,0.6666666666666666,Trail Blazers
Zach Zarba,2,6,0.3333333333333333,Warriors
Zach Zarba,4,8,0.5,Wizards
David Guthrie,1,5,0.2,76ers
David Guthrie,2,6,0.3333333333333333,Bucks
David Guthrie,1,3,0.3333333333333333,Bulls
David Guthrie,5,6,0.8333333333333334,Cavaliers
David Guthrie,1,5,0.2,Celtics
David Guthrie,3,5,0.6,Clippers
David Guthrie,1,3,0.3333333333333333,Grizzlies
David Guthrie,3,3,1.0,Hawks
David Guthrie,4,7,0.5714285714285714,Heat
David Guthrie,3,6,0.5,Hornets
David Guthrie,1,7,0.14285714285714285,Jazz
David Guthrie,10,5,2.0,Kings
David Guthrie,0,4,0.0,Knicks
David Guthrie,1,4,0.25,Lakers
David Guthrie,0,3,0.0,Magic
David Guthrie,2,4,0.5,Mavericks
David Guthrie,1,8,0.125,Nets
David Guthrie,0,2,0.0,Nuggets
David Guthrie,0,5,0.0,Pacers
David Guthrie,2,6,0.3333333333333333,Pelicans
David Guthrie,9,5,1.8,Pistons
David Guthrie,3,7,0.42857142857142855,Raptors
David Guthrie,2,3,0.6666666666666666,Rockets
David Guthrie,0,3,0.0,Spurs
David Guthrie,7,5,1.4,Suns
David Guthrie,5,7,0.7142857142857143,Thunder
David Guthrie,8,8,1.0,Timberwolves
David Guthrie,0,2,0.0,Trail Blazers
David Guthrie,1,5,0.2,Warriors
David Guthrie,3,6,0.5,Wizards
Jonathan Sterling,0,1,0.0,76ers
Jonathan Sterling,0,1,0.0,Bucks
Jonathan Sterling,1,3,0.3333333333333333,Cavaliers
Jonathan Sterling,2,1,2.0,Celtics
Jonathan Sterling,1,2,0.5,Grizzlies
Jonathan Sterling,1,4,0.25,Hawks
Jonathan Sterling,0,1,0.0,Heat
Jonathan Sterling,0,1,0.0,Hornets
Jonathan Sterling,1,4,0.25,Jazz
Jonathan Sterling,1,2,0.5,Knicks
Jonathan Sterling,1,2,0.5,Lakers
Jonathan Sterling,3,3,1.0,Magic
Jonathan Sterling,0,1,0.0,Mavericks
Jonathan Sterling,1,4,0.25,Nets
Jonathan Sterling,1,3,0.3333333333333333,Nuggets
Jonathan Sterling,2,5,0.4,Pacers
Jonathan Sterling,0,3,0.0,Pelicans
Jonathan Sterling,3,2,1.5,Pistons
Jonathan Sterling,0,1,0.0,Raptors
Jonathan Sterling,3,2,1.5,Suns
Jonathan Sterling,1,3,0.3333333333333333,Thunder
Jonathan Sterling,0,4,0.0,Timberwolves
Jonathan Sterling,1,1,1.0,Trail Blazers
Jonathan Sterling,1,4,0.25,Wizards
Matt Boland,6,9,0.6666666666666666,76ers
Matt Boland,2,5,0.4,Bucks
Matt Boland,1,7,0.14285714285714285,Bulls
Matt Boland,3,6,0.5,Cavaliers
Matt Boland,0,5,0.0,Celtics
Matt Boland,6,6,1.0,Clippers
Matt Boland,2,5,0.4,Grizzlies
Matt Boland,3,4,0.75,Hawks
Matt Boland,3,8,0.375,Heat
Matt Boland,8,9,0.8888888888888888,Hornets
Matt Boland,4,9,0.4444444444444444,Jazz
Matt Boland,1,7,0.14285714285714285,Kings
Matt Boland,5,8,0.625,Knicks
Matt Boland,10,6,1.6666666666666667,Lakers
Matt Boland,0,6,0.0,Magic
Matt Boland,2,9,0.2222222222222222,Mavericks
Matt Boland,2,5,0.4,Nets
Matt Boland,2,7,0.2857142857142857,Nuggets
Matt Boland,1,4,0.25,Pacers
Matt Boland,3,8,0.375,Pelicans
Matt Boland,1,7,0.14285714285714285,Pistons
Matt Boland,5,9,0.5555555555555556,Raptors
Matt Boland,3,6,0.5,Rockets
Matt Boland,0,5,0.0,Spurs
Matt Boland,7,8,0.875,Suns
Matt Boland,7,8,0.875,Thunder
Matt Boland,6,6,1.0,Timberwolves
Matt Boland,0,4,0.0,Trail Blazers
Matt Boland,6,7,0.8571428571428571,Warriors
Matt Boland,2,7,0.2857142857142857,Wizards
James Capers,3,7,0.42857142857142855,76ers
James Capers,3,6,0.5,Bucks
James Capers,1,7,0.14285714285714285,Bulls
James Capers,4,6,0.6666666666666666,Cavaliers
James Capers,0,7,0.0,Celtics
James Capers,4,4,1.0,Clippers
James Capers,5,10,0.5,Grizzlies
James Capers,4,9,0.4444444444444444,Hawks
James Capers,6,7,0.8571428571428571,Heat
James Capers,2,5,0.4,Hornets
James Capers,0,7,0.0,Jazz
James Capers,3,7,0.42857142857142855,Kings
James Capers,4,4,1.0,Knicks
James Capers,2,6,0.3333333333333333,Lakers
James Capers,2,8,0.25,Magic
James Capers,4,7,0.5714285714285714,Mavericks
James Capers,1,4,0.25,Nets
James Capers,6,8,0.75,Nuggets
James Capers,2,6,0.3333333333333333,Pacers
James Capers,1,4,0.25,Pelicans
James Capers,5,7,0.7142857142857143,Pistons
James Capers,0,5,0.0,Raptors
James Capers,1,6,0.16666666666666666,Rockets
James Capers,2,7,0.2857142857142857,Spurs
James Capers,2,5,0.4,Suns
James Capers,2,8,0.25,Thunder
James Capers,4,4,1.0,Timberwolves
James Capers,5,8,0.625,Trail Blazers
James Capers,9,11,0.8181818181818182,Warriors
James Capers,1,4,0.25,Wizards
Leroy Richardson,3,7,0.42857142857142855,76ers
Leroy Richardson,2,8,0.25,Bucks
Leroy Richardson,3,7,0.42857142857142855,Bulls
Leroy Richardson,0,2,0.0,Cavaliers
Leroy Richardson,0,6,0.0,Celtics
Leroy Richardson,0,6,0.0,Clippers
Leroy Richardson,3,5,0.6,Grizzlies
Leroy Richardson,4,7,0.5714285714285714,Hawks
Leroy Richardson,7,7,1.0,Heat
Leroy Richardson,2,8,0.25,Hornets
Leroy Richardson,1,6,0.16666666666666666,Jazz
Leroy Richardson,3,5,0.6,Kings
Leroy Richardson,4,5,0.8,Knicks
Leroy Richardson,1,5,0.2,Lakers
Leroy Richardson,1,3,0.3333333333333333,Magic
Leroy Richardson,3,7,0.42857142857142855,Mavericks
Leroy Richardson,1,4,0.25,Nets
Leroy Richardson,2,6,0.3333333333333333,Nuggets
Leroy Richardson,2,5,0.4,Pacers
Leroy Richardson,1,6,0.16666666666666666,Pelicans
Leroy Richardson,2,5,0.4,Pistons
Leroy Richardson,6,7,0.8571428571428571,Raptors
Leroy Richardson,2,6,0.3333333333333333,Rockets
Leroy Richardson,0,7,0.0,Spurs
Leroy Richardson,8,7,1.1428571428571428,Suns
Leroy Richardson,5,7,0.7142857142857143,Thunder
Leroy Richardson,2,6,0.3333333333333333,Timberwolves
Leroy Richardson,4,9,0.4444444444444444,Trail Blazers
Leroy Richardson,3,8,0.375,Warriors
Leroy Richardson,4,5,0.8,Wizards
Dedric Taylor,3,7,0.42857142857142855,76ers
Dedric Taylor,1,6,0.16666666666666666,Bucks
Dedric Taylor,1,4,0.25,Bulls
Dedric Taylor,1,7,0.14285714285714285,Cavaliers
Dedric Taylor,1,4,0.25,Celtics
Dedric Taylor,5,8,0.625,Clippers
Dedric Taylor,2,7,0.2857142857142857,Grizzlies
Dedric Taylor,0,5,0.0,Hawks
Dedric Taylor,2,9,0.2222222222222222,Heat
Dedric Taylor,3,6,0.5,Hornets
Dedric Taylor,0,3,0.0,Jazz
Dedric Taylor,3,4,0.75,Kings
Dedric Taylor,10,6,1.6666666666666667,Knicks
Dedric Taylor,1,6,0.16666666666666666,Lakers
Dedric Taylor,1,8,0.125,Magic
Dedric Taylor,2,7,0.2857142857142857,Mavericks
Dedric Taylor,3,6,0.5,Nets
Dedric Taylor,1,6,0.16666666666666666,Nuggets
Dedric Taylor,0,5,0.0,Pacers
Dedric Taylor,2,5,0.4,Pelicans
Dedric Taylor,2,4,0.5,Pistons
Dedric Taylor,7,8,0.875,Raptors
Dedric Taylor,4,7,0.5714285714285714,Rockets
Dedric Taylor,0,5,0.0,Spurs
Dedric Taylor,3,5,0.6,Suns
Dedric Taylor,4,8,0.5,Thunder
Dedric Taylor,0,8,0.0,Timberwolves
Dedric Taylor,1,6,0.16666666666666666,Trail Blazers
Dedric Taylor,5,7,0.7142857142857143,Warriors
Dedric Taylor,4,7,0.5714285714285714,Wizards
Bill Spooner,2,5,0.4,76ers
Bill Spooner,2,4,0.5,Bucks
Bill Spooner,3,7,0.42857142857142855,Bulls
Bill Spooner,1,3,0.3333333333333333,Cavaliers
Bill Spooner,0,3,0.0,Celtics
Bill Spooner,4,6,0.6666666666666666,Clippers
Bill Spooner,1,5,0.2,Grizzlies
Bill Spooner,2,5,0.4,Hawks
Bill Spooner,3,3,1.0,Heat
Bill Spooner,2,6,0.3333333333333333,Hornets
Bill Spooner,0,6,0.0,Jazz
Bill Spooner,1,7,0.14285714285714285,Kings
Bill Spooner,2,3,0.6666666666666666,Knicks
Bill Spooner,3,6,0.5,Lakers
Bill Spooner,3,7,0.42857142857142855,Magic
Bill Spooner,3,6,0.5,Mavericks
Bill Spooner,1,7,0.14285714285714285,Nets
Bill Spooner,1,5,0.2,Nuggets
Bill Spooner,2,4,0.5,Pacers
Bill Spooner,0,5,0.0,Pelicans
Bill Spooner,1,5,0.2,Pistons
Bill Spooner,1,5,0.2,Raptors
Bill Spooner,1,7,0.14285714285714285,Rockets
Bill Spooner,0,4,0.0,Spurs
Bill Spooner,2,5,0.4,Suns
Bill Spooner,3,3,1.0,Thunder
Bill Spooner,4,6,0.6666666666666666,Timberwolves
Bill Spooner,2,7,0.2857142857142857,Trail Blazers
Bill Spooner,0,4,0.0,Warriors
Bill Spooner,0,5,0.0,Wizards
Jason Phillips,0,5,0.0,76ers
Jason Phillips,4,7,0.5714285714285714,Bucks
Jason Phillips,2,5,0.4,Bulls
Jason Phillips,4,4,1.0,Cavaliers
Jason Phillips,3,5,0.6,Celtics
Jason Phillips,5,3,1.6666666666666667,Clippers
Jason Phillips,0,3,0.0,Grizzlies
Jason Phillips,0,3,0.0,Hawks
Jason Phillips,2,6,0.3333333333333333,Heat
Jason Phillips,3,5,0.6,Hornets
Jason Phillips,0,4,0.0,Jazz
Jason Phillips,2,5,0.4,Kings
Jason Phillips,4,5,0.8,Knicks
Jason Phillips,1,8,0.125,Lakers
Jason Phillips,2,5,0.4,Magic
Jason Phillips,4,4,1.0,Mavericks
Jason Phillips,5,3,1.6666666666666667,Nets
Jason Phillips,0,2,0.0,Nuggets
Jason Phillips,1,5,0.2,Pacers
Jason Phillips,0,5,0.0,Pelicans
Jason Phillips,2,5,0.4,Pistons
Jason Phillips,0,3,0.0,Raptors
Jason Phillips,2,6,0.3333333333333333,Rockets
Jason Phillips,0,4,0.0,Spurs
Jason Phillips,2,6,0.3333333333333333,Suns
Jason Phillips,8,7,1.1428571428571428,Thunder
Jason Phillips,0,2,0.0,Timberwolves
Jason Phillips,3,3,1.0,Trail Blazers
Jason Phillips,2,5,0.4,Warriors
Jason Phillips,4,5,0.8,Wizards
Mike Callahan,3,10,0.3,76ers
Mike Callahan,3,9,0.3333333333333333,Bucks
Mike Callahan,1,6,0.16666666666666666,Bulls
Mike Callahan,2,9,0.2222222222222222,Cavaliers
Mike Callahan,4,9,0.4444444444444444,Celtics
Mike Callahan,8,5,1.6,Clippers
Mike Callahan,4,9,0.4444444444444444,Grizzlies
Mike Callahan,1,4,0.25,Hawks
Mike Callahan,1,7,0.14285714285714285,Heat
Mike Callahan,3,7,0.42857142857142855,Hornets
Mike Callahan,0,6,0.0,Jazz
Mike Callahan,1,4,0.25,Kings
Mike Callahan,0,6,0.0,Knicks
Mike Callahan,1,5,0.2,Lakers
Mike Callahan,2,4,0.5,Magic
Mike Callahan,3,8,0.375,Mavericks
Mike Callahan,1,4,0.25,Nets
Mike Callahan,0,4,0.0,Nuggets
Mike Callahan,2,6,0.3333333333333333,Pacers
Mike Callahan,1,2,0.5,Pelicans
Mike Callahan,0,2,0.0,Pistons
Mike Callahan,2,7,0.2857142857142857,Raptors
Mike Callahan,7,4,1.75,Rockets
Mike Callahan,6,9,0.6666666666666666,Spurs
Mike Callahan,0,2,0.0,Suns
Mike Callahan,1,2,0.5,Thunder
Mike Callahan,0,6,0.0,Timberwolves
Mike Callahan,1,9,0.1111111111111111,Trail Blazers
Mike Callahan,4,4,1.0,Warriors
Mike Callahan,10,9,1.1111111111111112,Wizards
Tony Brothers,2,9,0.2222222222222222,76ers
Tony Brothers,0,6,0.0,Bucks
Tony Brothers,2,7,0.2857142857142857,Bulls
Tony Brothers,3,5,0.6,Cavaliers
Tony Brothers,3,10,0.3,Celtics
Tony Brothers,2,4,0.5,Clippers
Tony Brothers,4,6,0.6666666666666666,Grizzlies
Tony Brothers,2,10,0.2,Hawks
Tony Brothers,3,4,0.75,Heat
Tony Brothers,1,5,0.2,Hornets
Tony Brothers,3,4,0.75,Jazz
Tony Brothers,2,7,0.2857142857142857,Kings
Tony Brothers,14,7,2.0,Knicks
Tony Brothers,0,6,0.0,Lakers
Tony Brothers,3,5,0.6,Magic
Tony Brothers,3,5,0.6,Mavericks
Tony Brothers,2,5,0.4,Nets
Tony Brothers,0,3,0.0,Nuggets
Tony Brothers,2,13,0.15384615384615385,Pacers
Tony Brothers,1,5,0.2,Pelicans
Tony Brothers,6,7,0.8571428571428571,Pistons
Tony Brothers,2,5,0.4,Raptors
Tony Brothers,7,5,1.4,Rockets
Tony Brothers,0,4,0.0,Spurs
Tony Brothers,3,7,0.42857142857142855,Suns
Tony Brothers,4,5,0.8,Thunder
Tony Brothers,3,9,0.3333333333333333,Timberwolves
Tony Brothers,4,7,0.5714285714285714,Trail Blazers
Tony Brothers,2,5,0.4,Warriors
Tony Brothers,5,6,0.8333333333333334,Wizards
Pat Fraher,1,8,0.125,76ers
Pat Fraher,3,6,0.5,Bucks
Pat Fraher,0,4,0.0,Bulls
Pat Fraher,0,4,0.0,Cavaliers
Pat Fraher,1,7,0.14285714285714285,Celtics
Pat Fraher,1,5,0.2,Clippers
Pat Fraher,5,9,0.5555555555555556,Grizzlies
Pat Fraher,1,9,0.1111111111111111,Hawks
Pat Fraher,1,6,0.16666666666666666,Heat
Pat Fraher,4,8,0.5,Hornets
Pat Fraher,1,4,0.25,Jazz
Pat Fraher,10,8,1.25,Kings
Pat Fraher,3,7,0.42857142857142855,Knicks
Pat Fraher,2,3,0.6666666666666666,Lakers
Pat Fraher,1,7,0.14285714285714285,Magic
Pat Fraher,5,9,0.5555555555555556,Mavericks
Pat Fraher,3,6,0.5,Nets
Pat Fraher,4,8,0.5,Nuggets
Pat Fraher,2,6,0.3333333333333333,Pacers
Pat Fraher,0,4,0.0,Pelicans
Pat Fraher,5,5,1.0,Pistons
Pat Fraher,4,7,0.5714285714285714,Raptors
Pat Fraher,4,8,0.5,Rockets
Pat Fraher,1,7,0.14285714285714285,Spurs
Pat Fraher,5,5,1.0,Suns
Pat Fraher,4,5,0.8,Thunder
Pat Fraher,1,7,0.14285714285714285,Timberwolves
Pat Fraher,5,9,0.5555555555555556,Trail Blazers
Pat Fraher,1,3,0.3333333333333333,Warriors
Pat Fraher,4,4,1.0,Wizards
Mitchell Ervin,4,6,0.6666666666666666,76ers
Mitchell Ervin,2,5,0.4,Bucks
Mitchell Ervin,1,6,0.16666666666666666,Bulls
Mitchell Ervin,1,4,0.25,Cavaliers
Mitchell Ervin,1,6,0.16666666666666666,Celtics
Mitchell Ervin,1,6,0.16666666666666666,Clippers
Mitchell Ervin,1,8,0.125,Grizzlies
Mitchell Ervin,1,5,0.2,Hawks
Mitchell Ervin,2,5,0.4,Heat
Mitchell Ervin,2,4,0.5,Hornets
Mitchell Ervin,0,6,0.0,Jazz
Mitchell Ervin,6,8,0.75,Kings
Mitchell Ervin,0,4,0.0,Knicks
Mitchell Ervin,0,5,0.0,Lakers
Mitchell Ervin,3,5,0.6,Magic
Mitchell Ervin,4,7,0.5714285714285714,Mavericks
Mitchell Ervin,1,6,0.16666666666666666,Nets
Mitchell Ervin,4,6,0.6666666666666666,Nuggets
Mitchell Ervin,2,6,0.3333333333333333,Pacers
Mitchell Ervin,4,6,0.6666666666666666,Pelicans
Mitchell Ervin,2,6,0.3333333333333333,Pistons
Mitchell Ervin,4,7,0.5714285714285714,Raptors
Mitchell Ervin,1,3,0.3333333333333333,Rockets
Mitchell Ervin,0,2,0.0,Spurs
Mitchell Ervin,4,4,1.0,Suns
Mitchell Ervin,2,3,0.6666666666666666,Thunder
Mitchell Ervin,2,5,0.4,Timberwolves
Mitchell Ervin,2,6,0.3333333333333333,Trail Blazers
Mitchell Ervin,7,5,1.4,Warriors
Mitchell Ervin,4,7,0.5714285714285714,Wizards
Kevin Scott,2,6,0.3333333333333333,76ers
Kevin Scott,1,6,0.16666666666666666,Bucks
Kevin Scott,3,10,0.3,Bulls
Kevin Scott,3,6,0.5,Cavaliers
Kevin Scott,2,10,0.2,Celtics
Kevin Scott,8,6,1.3333333333333333,Clippers
Kevin Scott,5,10,0.5,Grizzlies
Kevin Scott,0,4,0.0,Hawks
Kevin Scott,2,6,0.3333333333333333,Heat
Kevin Scott,1,7,0.14285714285714285,Hornets
Kevin Scott,0,8,0.0,Jazz
Kevin Scott,6,10,0.6,Kings
Kevin Scott,7,6,1.1666666666666667,Knicks
Kevin Scott,1,4,0.25,Lakers
Kevin Scott,5,6,0.8333333333333334,Magic
Kevin Scott,7,6,1.1666666666666667,Mavericks
Kevin Scott,2,8,0.25,Nets
Kevin Scott,1,5,0.2,Nuggets
Kevin Scott,2,7,0.2857142857142857,Pacers
Kevin Scott,2,8,0.25,Pelicans
Kevin Scott,3,5,0.6,Pistons
Kevin Scott,2,8,0.25,Raptors
Kevin Scott,1,5,0.2,Rockets
Kevin Scott,2,6,0.3333333333333333,Spurs
Kevin Scott,6,6,1.0,Suns
Kevin Scott,5,5,1.0,Thunder
Kevin Scott,2,7,0.2857142857142857,Timberwolves
Kevin Scott,3,4,0.75,Trail Blazers
Kevin Scott,3,5,0.6,Warriors
Kevin Scott,4,8,0.5,Wizards
Mark Lindsay,3,10,0.3,76ers
Mark Lindsay,0,3,0.0,Bucks
Mark Lindsay,1,6,0.16666666666666666,Bulls
Mark Lindsay,0,6,0.0,Cavaliers
Mark Lindsay,3,6,0.5,Celtics
Mark Lindsay,2,3,0.6666666666666666,Clippers
Mark Lindsay,4,7,0.5714285714285714,Grizzlies
Mark Lindsay,2,10,0.2,Hawks
Mark Lindsay,8,8,1.0,Heat
Mark Lindsay,2,8,0.25,Hornets
Mark Lindsay,1,10,0.1,Jazz
Mark Lindsay,5,6,0.8333333333333334,Kings
Mark Lindsay,1,6,0.16666666666666666,Knicks
Mark Lindsay,1,6,0.16666666666666666,Lakers
Mark Lindsay,5,7,0.7142857142857143,Magic
Mark Lindsay,3,6,0.5,Mavericks
Mark Lindsay,2,4,0.5,Nets
Mark Lindsay,3,11,0.2727272727272727,Nuggets
Mark Lindsay,4,8,0.5,Pacers
Mark Lindsay,6,6,1.0,Pelicans
Mark Lindsay,4,7,0.5714285714285714,Pistons
Mark Lindsay,2,5,0.4,Raptors
Mark Lindsay,2,8,0.25,Rockets
Mark Lindsay,0,7,0.0,Spurs
Mark Lindsay,4,5,0.8,Suns
Mark Lindsay,5,6,0.8333333333333334,Thunder
Mark Lindsay,2,5,0.4,Timberwolves
Mark Lindsay,0,7,0.0,Trail Blazers
Mark Lindsay,2,8,0.25,Warriors
Mark Lindsay,7,7,1.0,Wizards
John Goble,6,7,0.8571428571428571,76ers
John Goble,4,8,0.5,Bucks
John Goble,2,7,0.2857142857142857,Bulls
John Goble,2,9,0.2222222222222222,Cavaliers
John Goble,0,5,0.0,Celtics
John Goble,4,10,0.4,Clippers
John Goble,2,5,0.4,Grizzlies
John Goble,4,7,0.5714285714285714,Hawks
John Goble,3,6,0.5,Heat
John Goble,5,10,0.5,Hornets
John Goble,2,7,0.2857142857142857,Jazz
John Goble,3,7,0.42857142857142855,Kings
John Goble,3,8,0.375,Knicks
John Goble,5,8,0.625,Lakers
John Goble,3,10,0.3,Magic
John Goble,4,6,0.6666666666666666,Mavericks
John Goble,1,7,0.14285714285714285,Nets
John Goble,0,4,0.0,Nuggets
John Goble,1,6,0.16666666666666666,Pacers
John Goble,2,8,0.25,Pelicans
John Goble,3,7,0.42857142857142855,Pistons
John Goble,5,6,0.8333333333333334,Raptors
John Goble,7,12,0.5833333333333334,Rockets
John Goble,4,7,0.5714285714285714,Spurs
John Goble,4,4,1.0,Suns
John Goble,3,10,0.3,Thunder
John Goble,0,4,0.0,Timberwolves
John Goble,4,7,0.5714285714285714,Trail Blazers
John Goble,3,7,0.42857142857142855,Warriors
John Goble,0,5,0.0,Wizards
Scott Wall,4,5,0.8,76ers
Scott Wall,2,6,0.3333333333333333,Bucks
Scott Wall,2,6,0.3333333333333333,Bulls
Scott Wall,0,3,0.0,Cavaliers
Scott Wall,1,4,0.25,Celtics
Scott Wall,1,4,0.25,Clippers
Scott Wall,4,9,0.4444444444444444,Grizzlies
Scott Wall,0,3,0.0,Hawks
Scott Wall,2,6,0.3333333333333333,Heat
Scott Wall,2,6,0.3333333333333333,Hornets
Scott Wall,1,6,0.16666666666666666,Jazz
Scott Wall,5,4,1.25,Kings
Scott Wall,1,2,0.5,Knicks
Scott Wall,1,4,0.25,Lakers
Scott Wall,7,6,1.1666666666666667,Magic
Scott Wall,1,5,0.2,Mavericks
Scott Wall,3,7,0.42857142857142855,Nets
Scott Wall,2,6,0.3333333333333333,Nuggets
Scott Wall,1,6,0.16666666666666666,Pacers
Scott Wall,2,3,0.6666666666666666,Pelicans
Scott Wall,4,6,0.6666666666666666,Pistons
Scott Wall,2,6,0.3333333333333333,Raptors
Scott Wall,3,7,0.42857142857142855,Rockets
Scott Wall,1,4,0.25,Spurs
Scott Wall,1,3,0.3333333333333333,Suns
Scott Wall,1,3,0.3333333333333333,Thunder
Scott Wall,2,5,0.4,Timberwolves
Scott Wall,1,2,0.5,Trail Blazers
Scott Wall,6,6,1.0,Warriors
Scott Wall,3,9,0.3333333333333333,Wizards
Marat Kogut,2,9,0.2222222222222222,76ers
Marat Kogut,4,5,0.8,Bucks
Marat Kogut,3,9,0.3333333333333333,Bulls
Marat Kogut,0,5,0.0,Cavaliers
Marat Kogut,3,10,0.3,Celtics
Marat Kogut,8,8,1.0,Clippers
Marat Kogut,4,4,1.0,Grizzlies
Marat Kogut,4,5,0.8,Hawks
Marat Kogut,2,6,0.3333333333333333,Heat
Marat Kogut,5,7,0.7142857142857143,Hornets
Marat Kogut,0,6,0.0,Jazz
Marat Kogut,5,3,1.6666666666666667,Kings
Marat Kogut,6,8,0.75,Knicks
Marat Kogut,2,8,0.25,Lakers
Marat Kogut,1,5,0.2,Magic
Marat Kogut,1,4,0.25,Mavericks
Marat Kogut,0,3,0.0,Nets
Marat Kogut,1,4,0.25,Nuggets
Marat Kogut,7,9,0.7777777777777778,Pacers
Marat Kogut,8,9,0.8888888888888888,Pelicans
Marat Kogut,4,4,1.0,Pistons
Marat Kogut,4,5,0.8,Raptors
Marat Kogut,1,5,0.2,Rockets
Marat Kogut,0,6,0.0,Spurs
Marat Kogut,4,5,0.8,Suns
Marat Kogut,1,8,0.125,Thunder
Marat Kogut,5,9,0.5555555555555556,Timberwolves
Marat Kogut,1,5,0.2,Trail Blazers
Marat Kogut,3,7,0.42857142857142855,Warriors
Marat Kogut,1,7,0.14285714285714285,Wizards
Sean Corbin,1,7,0.14285714285714285,76ers
Sean Corbin,3,5,0.6,Bucks
Sean Corbin,1,5,0.2,Bulls
Sean Corbin,3,4,0.75,Cavaliers
Sean Corbin,3,9,0.3333333333333333,Celtics
Sean Corbin,6,7,0.8571428571428571,Clippers
Sean Corbin,1,6,0.16666666666666666,Grizzlies
Sean Corbin,3,7,0.42857142857142855,Hawks
Sean Corbin,6,8,0.75,Heat
Sean Corbin,7,8,0.875,Hornets
Sean Corbin,2,6,0.3333333333333333,Jazz
Sean Corbin,3,7,0.42857142857142855,Kings
Sean Corbin,1,3,0.3333333333333333,Knicks
Sean Corbin,1,3,0.3333333333333333,Lakers
Sean Corbin,7,8,0.875,Magic
Sean Corbin,6,7,0.8571428571428571,Mavericks
Sean Corbin,3,3,1.0,Nets
Sean Corbin,0,3,0.0,Nuggets
Sean Corbin,1,9,0.1111111111111111,Pacers
Sean Corbin,5,9,0.5555555555555556,Pelicans
Sean Corbin,5,11,0.45454545454545453,Pistons
Sean Corbin,8,7,1.1428571428571428,Raptors
Sean Corbin,7,7,1.0,Rockets
Sean Corbin,1,6,0.16666666666666666,Spurs
Sean Corbin,4,5,0.8,Suns
Sean Corbin,5,4,1.25,Thunder
Sean Corbin,2,7,0.2857142857142857,Timberwolves
Sean Corbin,1,3,0.3333333333333333,Trail Blazers
Sean Corbin,1,4,0.25,Warriors
Sean Corbin,0,6,0.0,Wizards
Kevin Cutler,0,7,0.0,76ers
Kevin Cutler,3,6,0.5,Bucks
Kevin Cutler,2,5,0.4,Bulls
Kevin Cutler,1,8,0.125,Cavaliers
Kevin Cutler,1,8,0.125,Celtics
Kevin Cutler,4,10,0.4,Clippers
Kevin Cutler,1,2,0.5,Grizzlies
Kevin Cutler,2,7,0.2857142857142857,Hawks
Kevin Cutler,1,4,0.25,Heat
Kevin Cutler,4,6,0.6666666666666666,Hornets
Kevin Cutler,0,8,0.0,Jazz
Kevin Cutler,16,11,1.4545454545454546,Kings
Kevin Cutler,3,4,0.75,Knicks
Kevin Cutler,1,8,0.125,Lakers
Kevin Cutler,5,5,1.0,Magic
Kevin Cutler,2,6,0.3333333333333333,Mavericks
Kevin Cutler,6,7,0.8571428571428571,Nets
Kevin Cutler,2,7,0.2857142857142857,Nuggets
Kevin Cutler,4,6,0.6666666666666666,Pacers
Kevin Cutler,0,6,0.0,Pelicans
Kevin Cutler,1,6,0.16666666666666666,Pistons
Kevin Cutler,1,6,0.16666666666666666,Raptors
Kevin Cutler,3,7,0.42857142857142855,Rockets
Kevin Cutler,1,5,0.2,Spurs
Kevin Cutler,6,7,0.8571428571428571,Suns
Kevin Cutler,2,3,0.6666666666666666,Thunder
Kevin Cutler,3,4,0.75,Timberwolves
Kevin Cutler,1,7,0.14285714285714285,Trail Blazers
Kevin Cutler,1,8,0.125,Warriors
Kevin Cutler,1,4,0.25,Wizards
Jason Goldenberg,1,6,0.16666666666666666,76ers
Jason Goldenberg,2,6,0.3333333333333333,Bucks
Jason Goldenberg,1,3,0.3333333333333333,Bulls
Jason Goldenberg,1,6,0.16666666666666666,Cavaliers
Jason Goldenberg,1,5,0.2,Celtics
Jason Goldenberg,1,4,0.25,Clippers
Jason Goldenberg,2,5,0.4,Grizzlies
Jason Goldenberg,1,6,0.16666666666666666,Hawks
Jason Goldenberg,3,5,0.6,Heat
Jason Goldenberg,3,3,1.0,Hornets
Jason Goldenberg,1,5,0.2,Jazz
Jason Goldenberg,1,7,0.14285714285714285,Kings
Jason Goldenberg,3,4,0.75,Knicks
Jason Goldenberg,1,6,0.16666666666666666,Lakers
Jason Goldenberg,3,9,0.3333333333333333,Magic
Jason Goldenberg,1,5,0.2,Mavericks
Jason Goldenberg,0,7,0.0,Nets
Jason Goldenberg,3,4,0.75,Nuggets
Jason Goldenberg,2,1,2.0,Pacers
Jason Goldenberg,2,7,0.2857142857142857,Pelicans
Jason Goldenberg,1,6,0.16666666666666666,Pistons
Jason Goldenberg,2,5,0.4,Raptors
Jason Goldenberg,0,3,0.0,Rockets
Jason Goldenberg,0,7,0.0,Spurs
Jason Goldenberg,0,3,0.0,Suns
Jason Goldenberg,0,2,0.0,Thunder
Jason Goldenberg,2,6,0.3333333333333333,Timberwolves
Jason Goldenberg,3,7,0.42857142857142855,Trail Blazers
Jason Goldenberg,3,5,0.6,Warriors
Jason Goldenberg,4,4,1.0,Wizards
Brent Barnaky,1,3,0.3333333333333333,76ers
Brent Barnaky,2,7,0.2857142857142857,Bucks
Brent Barnaky,0,7,0.0,Bulls
Brent Barnaky,2,8,0.25,Cavaliers
Brent Barnaky,4,8,0.5,Celtics
Brent Barnaky,3,8,0.375,Clippers
Brent Barnaky,5,5,1.0,Grizzlies
Brent Barnaky,1,4,0.25,Hawks
Brent Barnaky,1,7,0.14285714285714285,Heat
Brent Barnaky,1,5,0.2,Hornets
Brent Barnaky,3,7,0.42857142857142855,Jazz
Brent Barnaky,2,3,0.6666666666666666,Kings
Brent Barnaky,3,8,0.375,Knicks
Brent Barnaky,1,7,0.14285714285714285,Lakers
Brent Barnaky,6,9,0.6666666666666666,Magic
Brent Barnaky,0,6,0.0,Mavericks
Brent Barnaky,5,9,0.5555555555555556,Nets
Brent Barnaky,1,7,0.14285714285714285,Nuggets
Brent Barnaky,1,5,0.2,Pacers
Brent Barnaky,3,5,0.6,Pelicans
Brent Barnaky,4,7,0.5714285714285714,Pistons
Brent Barnaky,3,6,0.5,Raptors
Brent Barnaky,3,10,0.3,Rockets
Brent Barnaky,1,6,0.16666666666666666,Spurs
Brent Barnaky,5,6,0.8333333333333334,Suns
Brent Barnaky,5,9,0.5555555555555556,Thunder
Brent Barnaky,3,7,0.42857142857142855,Timberwolves
Brent Barnaky,4,8,0.5,Trail Blazers
Brent Barnaky,6,5,1.2,Warriors
Brent Barnaky,3,6,0.5,Wizards
Eric Dalen,2,5,0.4,76ers
Eric Dalen,2,4,0.5,Bucks
Eric Dalen,3,7,0.42857142857142855,Bulls
Eric Dalen,1,6,0.16666666666666666,Cavaliers
Eric Dalen,3,11,0.2727272727272727,Celtics
Eric Dalen,5,6,0.8333333333333334,Clippers
Eric Dalen,4,5,0.8,Grizzlies
Eric Dalen,1,4,0.25,Hawks
Eric Dalen,7,7,1.0,Heat
Eric Dalen,3,6,0.5,Hornets
Eric Dalen,0,3,0.0,Jazz
Eric Dalen,1,4,0.25,Kings
Eric Dalen,6,6,1.0,Knicks
Eric Dalen,1,3,0.3333333333333333,Lakers
Eric Dalen,5,6,0.8333333333333334,Magic
Eric Dalen,7,9,0.7777777777777778,Mavericks
Eric Dalen,3,6,0.5,Nets
Eric Dalen,1,3,0.3333333333333333,Nuggets
Eric Dalen,1,3,0.3333333333333333,Pacers
Eric Dalen,1,6,0.16666666666666666,Pelicans
Eric Dalen,0,6,0.0,Pistons
Eric Dalen,1,8,0.125,Raptors
Eric Dalen,3,7,0.42857142857142855,Rockets
Eric Dalen,0,7,0.0,Spurs
Eric Dalen,2,4,0.5,Suns
Eric Dalen,1,6,0.16666666666666666,Thunder
Eric Dalen,1,7,0.14285714285714285,Timberwolves
Eric Dalen,3,7,0.42857142857142855,Trail Blazers
Eric Dalen,5,7,0.7142857142857143,Warriors
Eric Dalen,5,7,0.7142857142857143,Wizards
Michael Smith,1,10,0.1,76ers
Michael Smith,4,8,0.5,Bucks
Michael Smith,1,7,0.14285714285714285,Bulls
Michael Smith,1,8,0.125,Cavaliers
Michael Smith,2,3,0.6666666666666666,Celtics
Michael Smith,6,8,0.75,Clippers
Michael Smith,4,9,0.4444444444444444,Grizzlies
Michael Smith,2,9,0.2222222222222222,Hawks
Michael Smith,4,7,0.5714285714285714,Heat
Michael Smith,3,7,0.42857142857142855,Hornets
Michael Smith,0,6,0.0,Jazz
Michael Smith,1,6,0.16666666666666666,Kings
Michael Smith,2,8,0.25,Knicks
Michael Smith,4,7,0.5714285714285714,Lakers
Michael Smith,7,9,0.7777777777777778,Magic
Michael Smith,5,6,0.8333333333333334,Mavericks
Michael Smith,0,7,0.0,Nets
Michael Smith,2,5,0.4,Nuggets
Michael Smith,1,8,0.125,Pacers
Michael Smith,3,7,0.42857142857142855,Pelicans
Michael Smith,3,8,0.375,Pistons
Michael Smith,5,9,0.5555555555555556,Raptors
Michael Smith,7,9,0.7777777777777778,Rockets
Michael Smith,5,8,0.625,Spurs
Michael Smith,1,5,0.2,Suns
Michael Smith,3,4,0.75,Thunder
Michael Smith,3,8,0.375,Timberwolves
Michael Smith,0,1,0.0,Trail Blazers
Michael Smith,0,3,0.0,Warriors
Michael Smith,2,6,0.3333333333333333,Wizards
Tyler Ford,5,8,0.625,76ers
Tyler Ford,3,8,0.375,Bucks
Tyler Ford,3,6,0.5,Bulls
Tyler Ford,5,4,1.25,Cavaliers
Tyler Ford,4,7,0.5714285714285714,Celtics
Tyler Ford,3,7,0.42857142857142855,Clippers
Tyler Ford,5,6,0.8333333333333334,Grizzlies
Tyler Ford,1,7,0.14285714285714285,Hawks
Tyler Ford,4,5,0.8,Heat
Tyler Ford,3,6,0.5,Hornets
Tyler Ford,4,7,0.5714285714285714,Jazz
Tyler Ford,0,4,0.0,Kings
Tyler Ford,5,10,0.5,Knicks
Tyler Ford,2,6,0.3333333333333333,Lakers
Tyler Ford,0,6,0.0,Magic
Tyler Ford,0,3,0.0,Mavericks
Tyler Ford,3,8,0.375,Nets
Tyler Ford,0,3,0.0,Nuggets
Tyler Ford,0,9,0.0,Pacers
Tyler Ford,2,4,0.5,Pelicans
Tyler Ford,0,6,0.0,Pistons
Tyler Ford,2,7,0.2857142857142857,Raptors
Tyler Ford,7,7,1.0,Rockets
Tyler Ford,2,9,0.2222222222222222,Spurs
Tyler Ford,1,1,1.0,Suns
Tyler Ford,2,5,0.4,Thunder
Tyler Ford,3,4,0.75,Timberwolves
Tyler Ford,7,9,0.7777777777777778,Trail Blazers
Tyler Ford,2,5,0.4,Warriors
Tyler Ford,4,7,0.5714285714285714,Wizards
Leon Wood,1,5,0.2,76ers
Leon Wood,3,10,0.3,Bucks
Leon Wood,0,5,0.0,Bulls
Leon Wood,1,6,0.16666666666666666,Cavaliers
Leon Wood,3,5,0.6,Celtics
Leon Wood,8,6,1.3333333333333333,Clippers
Leon Wood,0,2,0.0,Grizzlies
Leon Wood,3,8,0.375,Hawks
Leon Wood,1,5,0.2,Heat
Leon Wood,1,2,0.5,Hornets
Leon Wood,3,9,0.3333333333333333,Jazz
Leon Wood,1,8,0.125,Kings
Leon Wood,1,2,0.5,Knicks
Leon Wood,2,7,0.2857142857142857,Lakers
Leon Wood,1,4,0.25,Magic
Leon Wood,6,4,1.5,Mavericks
Leon Wood,1,7,0.14285714285714285,Nets
Leon Wood,0,7,0.0,Nuggets
Leon Wood,2,6,0.3333333333333333,Pacers
Leon Wood,1,8,0.125,Pelicans
Leon Wood,2,7,0.2857142857142857,Pistons
Leon Wood,2,6,0.3333333333333333,Raptors
Leon Wood,6,5,1.2,Rockets
Leon Wood,0,5,0.0,Spurs
Leon Wood,2,5,0.4,Suns
Leon Wood,6,8,0.75,Thunder
Leon Wood,0,7,0.0,Timberwolves
Leon Wood,1,6,0.16666666666666666,Trail Blazers
Leon Wood,12,9,1.3333333333333333,Warriors
Leon Wood,8,8,1.0,Wizards
Ken Mauer,2,3,0.6666666666666666,76ers
Ken Mauer,0,4,0.0,Bucks
Ken Mauer,1,6,0.16666666666666666,Bulls
Ken Mauer,1,5,0.2,Cavaliers
Ken Mauer,0,6,0.0,Celtics
Ken Mauer,8,9,0.8888888888888888,Clippers
Ken Mauer,4,6,0.6666666666666666,Grizzlies
Ken Mauer,5,6,0.8333333333333334,Hawks
Ken Mauer,6,6,1.0,Heat
Ken Mauer,1,5,0.2,Hornets
Ken Mauer,0,4,0.0,Jazz
Ken Mauer,7,7,1.0,Kings
Ken Mauer,2,6,0.3333333333333333,Knicks
Ken Mauer,1,7,0.14285714285714285,Lakers
Ken Mauer,0,5,0.0,Magic
Ken Mauer,2,8,0.25,Mavericks
Ken Mauer,1,7,0.14285714285714285,Nets
Ken Mauer,0,3,0.0,Nuggets
Ken Mauer,2,6,0.3333333333333333,Pacers
Ken Mauer,9,5,1.8,Pelicans
Ken Mauer,1,7,0.14285714285714285,Pistons
Ken Mauer,5,7,0.7142857142857143,Raptors
Ken Mauer,5,8,0.625,Rockets
Ken Mauer,5,10,0.5,Spurs
Ken Mauer,2,7,0.2857142857142857,Suns
Ken Mauer,5,8,0.625,Thunder
Ken Mauer,10,12,0.8333333333333334,Timberwolves
Ken Mauer,1,8,0.125,Trail Blazers
Ken Mauer,1,8,0.125,Warriors
Ken Mauer,2,5,0.4,Wizards
Eric Lewis,4,6,0.6666666666666666,76ers
Eric Lewis,3,3,1.0,Bucks
Eric Lewis,4,7,0.5714285714285714,Bulls
Eric Lewis,3,8,0.375,Cavaliers
Eric Lewis,3,8,0.375,Celtics
Eric Lewis,1,5,0.2,Clippers
Eric Lewis,2,5,0.4,Grizzlies
Eric Lewis,4,7,0.5714285714285714,Hawks
Eric Lewis,1,8,0.125,Heat
Eric Lewis,2,9,0.2222222222222222,Hornets
Eric Lewis,1,5,0.2,Jazz
Eric Lewis,0,5,0.0,Kings
Eric Lewis,4,8,0.5,Knicks
Eric Lewis,3,6,0.5,Lakers
Eric Lewis,5,9,0.5555555555555556,Magic
Eric Lewis,5,7,0.7142857142857143,Mavericks
Eric Lewis,3,12,0.25,Nets
Eric Lewis,6,9,0.6666666666666666,Nuggets
Eric Lewis,2,5,0.4,Pacers
Eric Lewis,4,5,0.8,Pelicans
Eric Lewis,2,6,0.3333333333333333,Pistons
Eric Lewis,4,9,0.4444444444444444,Raptors
Eric Lewis,1,5,0.2,Rockets
Eric Lewis,4,7,0.5714285714285714,Spurs
Eric Lewis,2,5,0.4,Suns
Eric Lewis,2,6,0.3333333333333333,Thunder
Eric Lewis,2,6,0.3333333333333333,Timberwolves
Eric Lewis,1,4,0.25,Trail Blazers
Eric Lewis,5,8,0.625,Warriors
Eric Lewis,7,7,1.0,Wizards
Matt Myers,0,4,0.0,76ers
Matt Myers,4,6,0.6666666666666666,Bucks
Matt Myers,2,7,0.2857142857142857,Bulls
Matt Myers,2,9,0.2222222222222222,Cavaliers
Matt Myers,2,4,0.5,Celtics
Matt Myers,8,4,2.0,Clippers
Matt Myers,0,5,0.0,Grizzlies
Matt Myers,0,2,0.0,Hawks
Matt Myers,1,4,0.25,Heat
Matt Myers,1,4,0.25,Hornets
Matt Myers,1,4,0.25,Jazz
Matt Myers,1,3,0.3333333333333333,Kings
Matt Myers,2,4,0.5,Knicks
Matt Myers,2,6,0.3333333333333333,Lakers
Matt Myers,1,3,0.3333333333333333,Magic
Matt Myers,2,6,0.3333333333333333,Mavericks
Matt Myers,0,5,0.0,Nets
Matt Myers,1,8,0.125,Nuggets
Matt Myers,1,5,0.2,Pacers
Matt Myers,0,3,0.0,Pelicans
Matt Myers,8,6,1.3333333333333333,Pistons
Matt Myers,1,2,0.5,Raptors
Matt Myers,3,6,0.5,Rockets
Matt Myers,3,6,0.5,Spurs
Matt Myers,5,6,0.8333333333333334,Suns
Matt Myers,4,7,0.5714285714285714,Thunder
Matt Myers,2,4,0.5,Timberwolves
Matt Myers,1,4,0.25,Trail Blazers
Matt Myers,3,4,0.75,Warriors
Matt Myers,1,3,0.3333333333333333,Wizards
Brett Nansel,2,6,0.3333333333333333,76ers
Brett Nansel,7,8,0.875,Bucks
Brett Nansel,2,9,0.2222222222222222,Bulls
Brett Nansel,0,4,0.0,Cavaliers
Brett Nansel,4,5,0.8,Celtics
Brett Nansel,1,5,0.2,Clippers
Brett Nansel,1,4,0.25,Grizzlies
Brett Nansel,2,5,0.4,Hawks
Brett Nansel,0,3,0.0,Heat
Brett Nansel,5,7,0.7142857142857143,Hornets
Brett Nansel,0,3,0.0,Jazz
Brett Nansel,4,8,0.5,Kings
Brett Nansel,3,5,0.6,Knicks
Brett Nansel,0,7,0.0,Lakers
Brett Nansel,0,6,0.0,Magic
Brett Nansel,3,4,0.75,Mavericks
Brett Nansel,2,6,0.3333333333333333,Nets
Brett Nansel,0,5,0.0,Nuggets
Brett Nansel,1,5,0.2,Pacers
Brett Nansel,0,8,0.0,Pelicans
Brett Nansel,1,5,0.2,Pistons
Brett Nansel,0,4,0.0,Raptors
Brett Nansel,10,4,2.5,Rockets
Brett Nansel,0,5,0.0,Spurs
Brett Nansel,5,10,0.5,Suns
Brett Nansel,3,4,0.75,Thunder
Brett Nansel,0,7,0.0,Timberwolves
Brett Nansel,1,4,0.25,Trail Blazers
Brett Nansel,2,4,0.5,Warriors
Brett Nansel,0,4,0.0,Wizards
Brian Forte,2,8,0.25,76ers
Brian Forte,1,4,0.25,Bucks
Brian Forte,3,6,0.5,Bulls
Brian Forte,0,7,0.0,Cavaliers
Brian Forte,11,11,1.0,Celtics
Brian Forte,5,9,0.5555555555555556,Clippers
Brian Forte,1,8,0.125,Grizzlies
Brian Forte,0,6,0.0,Hawks
Brian Forte,0,4,0.0,Heat
Brian Forte,1,2,0.5,Hornets
Brian Forte,0,6,0.0,Jazz
Brian Forte,8,4,2.0,Kings
Brian Forte,3,7,0.42857142857142855,Knicks
Brian Forte,0,2,0.0,Lakers
Brian Forte,3,7,0.42857142857142855,Magic
Brian Forte,6,7,0.8571428571428571,Mavericks
Brian Forte,0,8,0.0,Nets
Brian Forte,5,7,0.7142857142857143,Nuggets
Brian Forte,0,3,0.0,Pacers
Brian Forte,6,8,0.75,Pelicans
Brian Forte,1,10,0.1,Pistons
Brian Forte,1,5,0.2,Raptors
Brian Forte,7,7,1.0,Rockets
Brian Forte,0,8,0.0,Spurs
Brian Forte,3,9,0.3333333333333333,Suns
Brian Forte,9,8,1.125,Thunder
Brian Forte,0,4,0.0,Timberwolves
Brian Forte,4,7,0.5714285714285714,Trail Blazers
Brian Forte,13,5,2.6,Warriors
Brian Forte,5,11,0.45454545454545453,Wizards
Ben Taylor,1,8,0.125,76ers
Ben Taylor,4,11,0.36363636363636365,Bucks
Ben Taylor,4,8,0.5,Bulls
Ben Taylor,2,4,0.5,Cavaliers
Ben Taylor,3,7,0.42857142857142855,Celtics
Ben Taylor,1,4,0.25,Clippers
Ben Taylor,3,7,0.42857142857142855,Grizzlies
Ben Taylor,3,6,0.5,Hawks
Ben Taylor,1,4,0.25,Heat
Ben Taylor,3,6,0.5,Hornets
Ben Taylor,2,5,0.4,Jazz
Ben Taylor,5,6,0.8333333333333334,Kings
Ben Taylor,6,7,0.8571428571428571,Knicks
Ben Taylor,2,5,0.4,Lakers
Ben Taylor,3,6,0.5,Magic
Ben Taylor,8,7,1.1428571428571428,Mavericks
Ben Taylor,2,8,0.25,Nets
Ben Taylor,1,7,0.14285714285714285,Nuggets
Ben Taylor,3,6,0.5,Pacers
Ben Taylor,1,4,0.25,Pelicans
Ben Taylor,6,11,0.5454545454545454,Pistons
Ben Taylor,3,8,0.375,Raptors
Ben Taylor,3,8,0.375,Rockets
Ben Taylor,2,6,0.3333333333333333,Spurs
Ben Taylor,3,5,0.6,Suns
Ben Taylor,3,3,1.0,Thunder
Ben Taylor,1,6,0.16666666666666666,Timberwolves
Ben Taylor,6,8,0.75,Trail Blazers
Ben Taylor,4,7,0.5714285714285714,Warriors
Ben Taylor,2,6,0.3333333333333333,Wizards
Bennie Adams,1,7,0.14285714285714285,76ers
Bennie Adams,0,4,0.0,Bucks
Bennie Adams,1,4,0.25,Bulls
Bennie Adams,6,5,1.2,Cavaliers
Bennie Adams,1,3,0.3333333333333333,Celtics
Bennie Adams,5,9,0.5555555555555556,Clippers
Bennie Adams,2,6,0.3333333333333333,Grizzlies
Bennie Adams,2,5,0.4,Hawks
Bennie Adams,5,2,2.5,Heat
Bennie Adams,1,5,0.2,Hornets
Bennie Adams,3,8,0.375,Jazz
Bennie Adams,5,6,0.8333333333333334,Kings
Bennie Adams,3,5,0.6,Knicks
Bennie Adams,3,11,0.2727272727272727,Lakers
Bennie Adams,1,4,0.25,Magic
Bennie Adams,5,8,0.625,Mavericks
Bennie Adams,2,6,0.3333333333333333,Nets
Bennie Adams,0,4,0.0,Nuggets
Bennie Adams,7,8,0.875,Pacers
Bennie Adams,1,4,0.25,Pelicans
Bennie Adams,0,2,0.0,Pistons
Bennie Adams,5,10,0.5,Raptors
Bennie Adams,9,5,1.8,Rockets
Bennie Adams,4,5,0.8,Spurs
Bennie Adams,7,7,1.0,Suns
Bennie Adams,1,4,0.25,Thunder
Bennie Adams,1,6,0.16666666666666666,Timberwolves
Bennie Adams,2,9,0.2222222222222222,Trail Blazers
Bennie Adams,3,7,0.42857142857142855,Warriors
Bennie Adams,3,5,0.6,Wizards
Scott Foster,2,5,0.4,76ers
Scott Foster,2,9,0.2222222222222222,Bucks
Scott Foster,0,7,0.0,Bulls
Scott Foster,2,11,0.18181818181818182,Cavaliers
Scott Foster,2,6,0.3333333333333333,Celtics
Scott Foster,2,6,0.3333333333333333,Clippers
Scott Foster,4,4,1.0,Grizzlies
Scott Foster,4,8,0.5,Hawks
Scott Foster,2,6,0.3333333333333333,Heat
Scott Foster,0,5,0.0,Hornets
Scott Foster,4,9,0.4444444444444444,Jazz
Scott Foster,1,3,0.3333333333333333,Kings
Scott Foster,4,8,0.5,Knicks
Scott Foster,3,10,0.3,Lakers
Scott Foster,4,5,0.8,Magic
Scott Foster,3,8,0.375,Mavericks
Scott Foster,2,6,0.3333333333333333,Nets
Scott Foster,1,8,0.125,Nuggets
Scott Foster,2,7,0.2857142857142857,Pacers
Scott Foster,6,10,0.6,Pelicans
Scott Foster,0,4,0.0,Pistons
Scott Foster,4,7,0.5714285714285714,Raptors
Scott Foster,6,7,0.8571428571428571,Rockets
Scott Foster,0,9,0.0,Spurs
Scott Foster,11,6,1.8333333333333333,Suns
Scott Foster,2,3,0.6666666666666666,Thunder
Scott Foster,2,4,0.5,Timberwolves
Scott Foster,5,7,0.7142857142857143,Trail Blazers
Scott Foster,1,10,0.1,Warriors
Scott Foster,3,6,0.5,Wizards
Tom Washington,0,4,0.0,76ers
Tom Washington,5,11,0.45454545454545453,Bucks
Tom Washington,1,6,0.16666666666666666,Bulls
Tom Washington,1,7,0.14285714285714285,Cavaliers
Tom Washington,3,5,0.6,Celtics
Tom Washington,2,8,0.25,Clippers
Tom Washington,2,6,0.3333333333333333,Grizzlies
Tom Washington,0,7,0.0,Hawks
Tom Washington,4,5,0.8,Heat
Tom Washington,0,2,0.0,Hornets
Tom Washington,3,6,0.5,Jazz
Tom Washington,0,5,0.0,Kings
Tom Washington,1,6,0.16666666666666666,Knicks
Tom Washington,0,7,0.0,Lakers
Tom Washington,12,12,1.0,Magic
Tom Washington,6,10,0.6,Mavericks
Tom Washington,2,2,1.0,Nets
Tom Washington,6,10,0.6,Nuggets
Tom Washington,2,8,0.25,Pacers
Tom Washington,4,9,0.4444444444444444,Pelicans
Tom Washington,1,4,0.25,Pistons
Tom Washington,1,9,0.1111111111111111,Raptors
Tom Washington,6,7,0.8571428571428571,Rockets
Tom Washington,1,7,0.14285714285714285,Spurs
Tom Washington,2,6,0.3333333333333333,Suns
Tom Washington,1,7,0.14285714285714285,Thunder
Tom Washington,3,10,0.3,Timberwolves
Tom Washington,1,6,0.16666666666666666,Trail Blazers
Tom Washington,2,4,0.5,Warriors
Tom Washington,2,2,1.0,Wizards
Gediminas Petraitis,1,6,0.16666666666666666,76ers
Gediminas Petraitis,4,7,0.5714285714285714,Bucks
Gediminas Petraitis,3,4,0.75,Bulls
Gediminas Petraitis,0,3,0.0,Cavaliers
Gediminas Petraitis,1,6,0.16666666666666666,Celtics
Gediminas Petraitis,2,2,1.0,Clippers
Gediminas Petraitis,0,4,0.0,Grizzlies
Gediminas Petraitis,3,6,0.5,Hawks
Gediminas Petraitis,0,6,0.0,Heat
Gediminas Petraitis,1,4,0.25,Hornets
Gediminas Petraitis,1,7,0.14285714285714285,Jazz
Gediminas Petraitis,3,6,0.5,Kings
Gediminas Petraitis,1,4,0.25,Knicks
Gediminas Petraitis,2,8,0.25,Lakers
Gediminas Petraitis,1,7,0.14285714285714285,Magic
Gediminas Petraitis,3,6,0.5,Mavericks
Gediminas Petraitis,1,7,0.14285714285714285,Nets
Gediminas Petraitis,1,7,0.14285714285714285,Nuggets
Gediminas Petraitis,3,6,0.5,Pacers
Gediminas Petraitis,0,2,0.0,Pelicans
Gediminas Petraitis,0,3,0.0,Pistons
Gediminas Petraitis,3,6,0.5,Raptors
Gediminas Petraitis,1,5,0.2,Rockets
Gediminas Petraitis,0,5,0.0,Spurs
Gediminas Petraitis,3,6,0.5,Suns
Gediminas Petraitis,4,7,0.5714285714285714,Thunder
Gediminas Petraitis,5,9,0.5555555555555556,Timberwolves
Gediminas Petraitis,0,7,0.0,Trail Blazers
Gediminas Petraitis,2,5,0.4,Warriors
Gediminas Petraitis,2,7,0.2857142857142857,Wizards
Aaron Smith,1,4,0.25,76ers
Aaron Smith,0,1,0.0,Bucks
Aaron Smith,3,3,1.0,Bulls
Aaron Smith,1,2,0.5,Cavaliers
Aaron Smith,3,5,0.6,Celtics
Aaron Smith,3,5,0.6,Clippers
Aaron Smith,2,4,0.5,Grizzlies
Aaron Smith,2,6,0.3333333333333333,Hawks
Aaron Smith,2,6,0.3333333333333333,Heat
Aaron Smith,2,5,0.4,Hornets
Aaron Smith,3,5,0.6,Jazz
Aaron Smith,2,4,0.5,Kings
Aaron Smith,5,5,1.0,Knicks
Aaron Smith,11,5,2.2,Lakers
Aaron Smith,1,3,0.3333333333333333,Magic
Aaron Smith,2,2,1.0,Mavericks
Aaron Smith,0,2,0.0,Nets
Aaron Smith,0,3,0.0,Nuggets
Aaron Smith,1,3,0.3333333333333333,Pacers
Aaron Smith,1,4,0.25,Pelicans
Aaron Smith,4,6,0.6666666666666666,Pistons
Aaron Smith,0,4,0.0,Raptors
Aaron Smith,1,4,0.25,Rockets
Aaron Smith,0,6,0.0,Spurs
Aaron Smith,6,6,1.0,Suns
Aaron Smith,0,1,0.0,Thunder
Aaron Smith,0,1,0.0,Timberwolves
Aaron Smith,2,4,0.5,Trail Blazers
Aaron Smith,4,5,0.8,Warriors
Aaron Smith,1,6,0.16666666666666666,Wizards
Scott Twardoski,1,7,0.14285714285714285,76ers
Scott Twardoski,4,6,0.6666666666666666,Bucks
Scott Twardoski,8,4,2.0,Bulls
Scott Twardoski,2,8,0.25,Cavaliers
Scott Twardoski,2,5,0.4,Celtics
Scott Twardoski,6,4,1.5,Clippers
Scott Twardoski,3,8,0.375,Grizzlies
Scott Twardoski,3,3,1.0,Hawks
Scott Twardoski,6,4,1.5,Heat
Scott Twardoski,6,5,1.2,Hornets
Scott Twardoski,1,5,0.2,Jazz
Scott Twardoski,3,7,0.42857142857142855,Kings
Scott Twardoski,2,6,0.3333333333333333,Knicks
Scott Twardoski,3,9,0.3333333333333333,Lakers
Scott Twardoski,1,4,0.25,Magic
Scott Twardoski,4,8,0.5,Mavericks
Scott Twardoski,1,3,0.3333333333333333,Nets
Scott Twardoski,1,10,0.1,Nuggets
Scott Twardoski,0,5,0.0,Pacers
Scott Twardoski,4,6,0.6666666666666666,Pelicans
Scott Twardoski,3,5,0.6,Pistons
Scott Twardoski,3,5,0.6,Raptors
Scott Twardoski,3,7,0.42857142857142855,Rockets
Scott Twardoski,0,7,0.0,Spurs
Scott Twardoski,3,11,0.2727272727272727,Suns
Scott Twardoski,1,5,0.2,Thunder
Scott Twardoski,1,6,0.16666666666666666,Timberwolves
Scott Twardoski,2,6,0.3333333333333333,Trail Blazers
Scott Twardoski,3,6,0.5,Warriors
Scott Twardoski,0,3,0.0,Wizards
Randy Richardson,0,1,0.0,76ers
Randy Richardson,0,3,0.0,Bucks
Randy Richardson,0,4,0.0,Bulls
Randy Richardson,0,1,0.0,Cavaliers
Randy Richardson,1,2,0.5,Celtics
Randy Richardson,0,2,0.0,Clippers
Randy Richardson,4,4,1.0,Grizzlies
Randy Richardson,2,2,1.0,Hawks
Randy Richardson,7,4,1.75,Heat
Randy Richardson,0,1,0.0,Hornets
Randy Richardson,0,2,0.0,Jazz
Randy Richardson,0,1,0.0,Kings
Randy Richardson,4,4,1.0,Lakers
Randy Richardson,1,4,0.25,Magic
Randy Richardson,0,2,0.0,Mavericks
Randy Richardson,1,5,0.2,Nets
Randy Richardson,0,1,0.0,Nuggets
Randy Richardson,2,3,0.6666666666666666,Pacers
Randy Richardson,0,2,0.0,Pelicans
Randy Richardson,0,2,0.0,Pistons
Randy Richardson,4,2,2.0,Raptors
Randy Richardson,1,2,0.5,Rockets
Randy Richardson,5,3,1.6666666666666667,Suns
Randy Richardson,1,2,0.5,Thunder
Randy Richardson,0,2,0.0,Timberwolves
Randy Richardson,2,2,1.0,Trail Blazers
Randy Richardson,0,1,0.0,Warriors
Ray Acosta,0,1,0.0,76ers
Ray Acosta,0,1,0.0,Bucks
Ray Acosta,0,2,0.0,Bulls
Ray Acosta,0,1,0.0,Cavaliers
Ray Acosta,1,2,0.5,Celtics
Ray Acosta,0,1,0.0,Clippers
Ray Acosta,1,2,0.5,Hawks
Ray Acosta,0,1,0.0,Heat
Ray Acosta,1,3,0.3333333333333333,Jazz
Ray Acosta,1,3,0.3333333333333333,Knicks
Ray Acosta,1,1,1.0,Lakers
Ray Acosta,0,3,0.0,Magic
Ray Acosta,0,3,0.0,Nets
Ray Acosta,1,2,0.5,Nuggets
Ray Acosta,0,1,0.0,Pacers
Ray Acosta,1,1,1.0,Pelicans
Ray Acosta,0,2,0.0,Pistons
Ray Acosta,1,2,0.5,Raptors
Ray Acosta,0,1,0.0,Suns
Ray Acosta,1,2,0.5,Thunder
Ray Acosta,1,1,1.0,Wizards
Bill Kennedy,0,5,0.0,76ers
Bill Kennedy,0,5,0.0,Bucks
Bill Kennedy,0,2,0.0,Bulls
Bill Kennedy,1,8,0.125,Cavaliers
Bill Kennedy,1,8,0.125,Celtics
Bill Kennedy,1,7,0.14285714285714285,Clippers
Bill Kennedy,3,8,0.375,Grizzlies
Bill Kennedy,1,7,0.14285714285714285,Hawks
Bill Kennedy,1,7,0.14285714285714285,Heat
Bill Kennedy,2,5,0.4,Hornets
Bill Kennedy,0,7,0.0,Jazz
Bill Kennedy,3,10,0.3,Kings
Bill Kennedy,2,5,0.4,Knicks
Bill Kennedy,1,4,0.25,Lakers
Bill Kennedy,7,8,0.875,Magic
Bill Kennedy,2,7,0.2857142857142857,Mavericks
Bill Kennedy,0,5,0.0,Nets
Bill Kennedy,3,9,0.3333333333333333,Nuggets
Bill Kennedy,2,5,0.4,Pacers
Bill Kennedy,1,3,0.3333333333333333,Pelicans
Bill Kennedy,2,4,0.5,Pistons
Bill Kennedy,2,8,0.25,Raptors
Bill Kennedy,2,6,0.3333333333333333,Rockets
Bill Kennedy,3,9,0.3333333333333333,Spurs
Bill Kennedy,4,7,0.5714285714285714,Suns
Bill Kennedy,6,7,0.8571428571428571,Thunder
Bill Kennedy,2,10,0.2,Timberwolves
Bill Kennedy,2,10,0.2,Trail Blazers
Bill Kennedy,16,11,1.4545454545454546,Warriors
Bill Kennedy,2,9,0.2222222222222222,Wizards
Mark Ayotte,2,4,0.5,76ers
Mark Ayotte,3,6,0.5,Bucks
Mark Ayotte,10,12,0.8333333333333334,Bulls
Mark Ayotte,5,7,0.7142857142857143,Cavaliers
Mark Ayotte,4,5,0.8,Celtics
Mark Ayotte,7,6,1.1666666666666667,Clippers
Mark Ayotte,2,8,0.25,Grizzlies
Mark Ayotte,2,4,0.5,Hawks
Mark Ayotte,0,4,0.0,Heat
Mark Ayotte,1,2,0.5,Hornets
Mark Ayotte,1,7,0.14285714285714285,Jazz
Mark Ayotte,2,8,0.25,Kings
Mark Ayotte,8,8,1.0,Knicks
Mark Ayotte,2,12,0.16666666666666666,Lakers
Mark Ayotte,3,6,0.5,Magic
Mark Ayotte,2,5,0.4,Mavericks
Mark Ayotte,2,4,0.5,Nets
Mark Ayotte,0,7,0.0,Nuggets
Mark Ayotte,1,6,0.16666666666666666,Pacers
Mark Ayotte,10,7,1.4285714285714286,Pelicans
Mark Ayotte,2,6,0.3333333333333333,Pistons
Mark Ayotte,3,7,0.42857142857142855,Raptors
Mark Ayotte,1,7,0.14285714285714285,Rockets
Mark Ayotte,1,4,0.25,Spurs
Mark Ayotte,4,8,0.5,Suns
Mark Ayotte,3,7,0.42857142857142855,Thunder
Mark Ayotte,2,6,0.3333333333333333,Timberwolves
Mark Ayotte,2,9,0.2222222222222222,Trail Blazers
Mark Ayotte,4,9,0.4444444444444444,Warriors
Mark Ayotte,2,7,0.2857142857142857,Wizards
Josh Tiven,0,4,0.0,76ers
Josh Tiven,4,5,0.8,Bucks
Josh Tiven,0,4,0.0,Bulls
Josh Tiven,1,9,0.1111111111111111,Cavaliers
Josh Tiven,1,5,0.2,Celtics
Josh Tiven,10,8,1.25,Clippers
Josh Tiven,2,6,0.3333333333333333,Grizzlies
Josh Tiven,3,9,0.3333333333333333,Hawks
Josh Tiven,0,7,0.0,Heat
Josh Tiven,3,6,0.5,Hornets
Josh Tiven,1,10,0.1,Jazz
Josh Tiven,6,9,0.6666666666666666,Kings
Josh Tiven,6,9,0.6666666666666666,Knicks
Josh Tiven,1,8,0.125,Lakers
Josh Tiven,7,6,1.1666666666666667,Magic
Josh Tiven,6,9,0.6666666666666666,Mavericks
Josh Tiven,0,5,0.0,Nets
Josh Tiven,2,8,0.25,Nuggets
Josh Tiven,5,12,0.4166666666666667,Pacers
Josh Tiven,1,5,0.2,Pelicans
Josh Tiven,5,8,0.625,Pistons
Josh Tiven,3,6,0.5,Raptors
Josh Tiven,4,11,0.36363636363636365,Rockets
Josh Tiven,3,7,0.42857142857142855,Spurs
Josh Tiven,0,5,0.0,Suns
Josh Tiven,5,9,0.5555555555555556,Thunder
Josh Tiven,1,5,0.2,Timberwolves
Josh Tiven,3,7,0.42857142857142855,Trail Blazers
Josh Tiven,9,6,1.5,Warriors
Josh Tiven,3,6,0.5,Wizards
Gary Zielinski,1,5,0.2,76ers
Gary Zielinski,3,8,0.375,Bucks
Gary Zielinski,2,6,0.3333333333333333,Bulls
Gary Zielinski,1,5,0.2,Cavaliers
Gary Zielinski,0,3,0.0,Celtics
Gary Zielinski,5,8,0.625,Clippers
Gary Zielinski,0,5,0.0,Grizzlies
Gary Zielinski,3,5,0.6,Hawks
Gary Zielinski,2,5,0.4,Heat
Gary Zielinski,4,5,0.8,Hornets
Gary Zielinski,1,10,0.1,Jazz
Gary Zielinski,8,7,1.1428571428571428,Kings
Gary Zielinski,5,6,0.8333333333333334,Knicks
Gary Zielinski,4,8,0.5,Lakers
Gary Zielinski,1,5,0.2,Magic
Gary Zielinski,3,5,0.6,Mavericks
Gary Zielinski,1,3,0.3333333333333333,Nets
Gary Zielinski,1,6,0.16666666666666666,Nuggets
Gary Zielinski,0,5,0.0,Pacers
Gary Zielinski,2,8,0.25,Pelicans
Gary Zielinski,1,4,0.25,Pistons
Gary Zielinski,3,6,0.5,Raptors
Gary Zielinski,6,8,0.75,Rockets
Gary Zielinski,0,7,0.0,Spurs
Gary Zielinski,5,8,0.625,Suns
Gary Zielinski,3,7,0.42857142857142855,Thunder
Gary Zielinski,6,10,0.6,Timberwolves
Gary Zielinski,1,9,0.1111111111111111,Trail Blazers
Gary Zielinski,6,9,0.6666666666666666,Warriors
Gary Zielinski,4,6,0.6666666666666666,Wizards
James Williams,2,6,0.3333333333333333,76ers
James Williams,1,4,0.25,Bucks
James Williams,4,8,0.5,Bulls
James Williams,2,4,0.5,Cavaliers
James Williams,0,6,0.0,Celtics
James Williams,12,10,1.2,Clippers
James Williams,2,9,0.2222222222222222,Grizzlies
James Williams,5,9,0.5555555555555556,Hawks
James Williams,4,7,0.5714285714285714,Heat
James Williams,5,8,0.625,Hornets
James Williams,0,4,0.0,Jazz
James Williams,8,9,0.8888888888888888,Kings
James Williams,5,8,0.625,Knicks
James Williams,0,6,0.0,Lakers
James Williams,2,11,0.18181818181818182,Magic
James Williams,5,7,0.7142857142857143,Mavericks
James Williams,5,9,0.5555555555555556,Nets
James Williams,0,4,0.0,Nuggets
James Williams,2,2,1.0,Pacers
James Williams,1,6,0.16666666666666666,Pelicans
James Williams,2,9,0.2222222222222222,Pistons
James Williams,7,8,0.875,Raptors
James Williams,5,4,1.25,Rockets
James Williams,1,11,0.09090909090909091,Spurs
James Williams,4,9,0.4444444444444444,Suns
James Williams,7,5,1.4,Thunder
James Williams,5,8,0.625,Timberwolves
James Williams,3,7,0.42857142857142855,Trail Blazers
James Williams,0,3,0.0,Warriors
James Williams,2,5,0.4,Wizards
Courtney Kirkland,1,8,0.125,76ers
Courtney Kirkland,4,6,0.6666666666666666,Bucks
Courtney Kirkland,7,7,1.0,Bulls
Courtney Kirkland,1,7,0.14285714285714285,Cavaliers
Courtney Kirkland,3,8,0.375,Celtics
Courtney Kirkland,4,6,0.6666666666666666,Clippers
Courtney Kirkland,1,4,0.25,Grizzlies
Courtney Kirkland,0,6,0.0,Hawks
Courtney Kirkland,3,5,0.6,Heat
Courtney Kirkland,4,7,0.5714285714285714,Hornets
Courtney Kirkland,1,4,0.25,Jazz
Courtney Kirkland,1,4,0.25,Kings
Courtney Kirkland,4,7,0.5714285714285714,Knicks
Courtney Kirkland,0,8,0.0,Lakers
Courtney Kirkland,2,5,0.4,Magic
Courtney Kirkland,3,5,0.6,Mavericks
Courtney Kirkland,1,7,0.14285714285714285,Nets
Courtney Kirkland,1,4,0.25,Nuggets
Courtney Kirkland,2,6,0.3333333333333333,Pacers
Courtney Kirkland,3,5,0.6,Pelicans
Courtney Kirkland,2,8,0.25,Pistons
Courtney Kirkland,3,8,0.375,Raptors
Courtney Kirkland,3,11,0.2727272727272727,Rockets
Courtney Kirkland,3,6,0.5,Spurs
Courtney Kirkland,5,7,0.7142857142857143,Suns
Courtney Kirkland,6,8,0.75,Thunder
Courtney Kirkland,7,9,0.7777777777777778,Timberwolves
Courtney Kirkland,1,8,0.125,Trail Blazers
Courtney Kirkland,8,9,0.8888888888888888,Warriors
Courtney Kirkland,6,7,0.8571428571428571,Wizards
JB DeRosa,0,2,0.0,Bulls
JB DeRosa,0,1,0.0,Cavaliers
JB DeRosa,0,1,0.0,Celtics
JB DeRosa,0,1,0.0,Clippers
JB DeRosa,0,2,0.0,Grizzlies
JB DeRosa,0,3,0.0,Hawks
JB DeRosa,0,1,0.0,Heat
JB DeRosa,1,1,1.0,Hornets
JB DeRosa,0,2,0.0,Jazz
JB DeRosa,0,1,0.0,Kings
JB DeRosa,3,2,1.5,Knicks
JB DeRosa,0,1,0.0,Nets
JB DeRosa,1,2,0.5,Pacers
JB DeRosa,1,2,0.5,Pistons
JB DeRosa,2,3,0.6666666666666666,Raptors
JB DeRosa,0,1,0.0,Spurs
JB DeRosa,1,1,1.0,Suns
JB DeRosa,1,1,1.0,Thunder
JB DeRosa,0,1,0.0,Timberwolves
JB DeRosa,0,2,0.0,Trail Blazers
JB DeRosa,3,3,1.0,Wizards
Derek Richardson,1,6,0.16666666666666666,76ers
Derek Richardson,2,5,0.4,Bucks
Derek Richardson,0,5,0.0,Bulls
Derek Richardson,1,4,0.25,Cavaliers
Derek Richardson,1,4,0.25,Celtics
Derek Richardson,4,7,0.5714285714285714,Clippers
Derek Richardson,3,4,0.75,Grizzlies
Derek Richardson,1,4,0.25,Hawks
Derek Richardson,1,5,0.2,Heat
Derek Richardson,1,6,0.16666666666666666,Hornets
Derek Richardson,0,3,0.0,Jazz
Derek Richardson,1,7,0.14285714285714285,Kings
Derek Richardson,10,5,2.0,Knicks
Derek Richardson,0,5,0.0,Lakers
Derek Richardson,2,5,0.4,Magic
Derek Richardson,4,7,0.5714285714285714,Mavericks
Derek Richardson,3,7,0.42857142857142855,Nets
Derek Richardson,5,11,0.45454545454545453,Nuggets
Derek Richardson,0,3,0.0,Pacers
Derek Richardson,3,8,0.375,Pelicans
Derek Richardson,2,5,0.4,Pistons
Derek Richardson,2,8,0.25,Raptors
Derek Richardson,1,5,0.2,Rockets
Derek Richardson,5,6,0.8333333333333334,Spurs
Derek Richardson,5,7,0.7142857142857143,Suns
Derek Richardson,2,7,0.2857142857142857,Thunder
Derek Richardson,0,5,0.0,Timberwolves
Derek Richardson,0,5,0.0,Trail Blazers
Derek Richardson,0,5,0.0,Warriors
Derek Richardson,0,4,0.0,Wizards
Justin Van Duyne,0,4,0.0,76ers
Justin Van Duyne,0,6,0.0,Bucks
Justin Van Duyne,3,6,0.5,Bulls
Justin Van Duyne,5,6,0.8333333333333334,Cavaliers
Justin Van Duyne,5,5,1.0,Celtics
Justin Van Duyne,2,4,0.5,Clippers
Justin Van Duyne,2,6,0.3333333333333333,Grizzlies
Justin Van Duyne,3,8,0.375,Hawks
Justin Van Duyne,4,4,1.0,Heat
Justin Van Duyne,1,7,0.14285714285714285,Hornets
Justin Van Duyne,2,5,0.4,Jazz
Justin Van Duyne,1,4,0.25,Kings
Justin Van Duyne,0,5,0.0,Knicks
Justin Van Duyne,0,4,0.0,Lakers
Justin Van Duyne,0,7,0.0,Magic
Justin Van Duyne,2,8,0.25,Mavericks
Justin Van Duyne,1,5,0.2,Nets
Justin Van Duyne,5,10,0.5,Nuggets
Justin Van Duyne,0,4,0.0,Pacers
Justin Van Duyne,1,6,0.16666666666666666,Pelicans
Justin Van Duyne,3,8,0.375,Pistons
Justin Van Duyne,0,3,0.0,Raptors
Justin Van Duyne,3,6,0.5,Rockets
Justin Van Duyne,1,7,0.14285714285714285,Spurs
Justin Van Duyne,10,9,1.1111111111111112,Suns
Justin Van Duyne,3,8,0.375,Thunder
Justin Van Duyne,2,7,0.2857142857142857,Timberwolves
Justin Van Duyne,2,5,0.4,Trail Blazers
Justin Van Duyne,2,3,0.6666666666666666,Warriors
Justin Van Duyne,2,6,0.3333333333333333,Wizards
Haywoode Workman,0,6,0.0,76ers
Haywoode Workman,4,6,0.6666666666666666,Bucks
Haywoode Workman,1,5,0.2,Bulls
Haywoode Workman,0,3,0.0,Cavaliers
Haywoode Workman,1,5,0.2,Celtics
Haywoode Workman,2,5,0.4,Clippers
Haywoode Workman,2,6,0.3333333333333333,Grizzlies
Haywoode Workman,3,7,0.42857142857142855,Hawks
Haywoode Workman,3,4,0.75,Heat
Haywoode Workman,1,6,0.16666666666666666,Hornets
Haywoode Workman,0,6,0.0,Jazz
Haywoode Workman,3,6,0.5,Kings
Haywoode Workman,0,5,0.0,Knicks
Haywoode Workman,2,7,0.2857142857142857,Lakers
Haywoode Workman,4,8,0.5,Magic
Haywoode Workman,3,8,0.375,Mavericks
Haywoode Workman,3,5,0.6,Nets
Haywoode Workman,0,7,0.0,Nuggets
Haywoode Workman,0,5,0.0,Pacers
Haywoode Workman,3,7,0.42857142857142855,Pelicans
Haywoode Workman,1,4,0.25,Pistons
Haywoode Workman,2,3,0.6666666666666666,Raptors
Haywoode Workman,2,9,0.2222222222222222,Rockets
Haywoode Workman,4,6,0.6666666666666666,Spurs
Haywoode Workman,3,6,0.5,Suns
Haywoode Workman,3,4,0.75,Thunder
Haywoode Workman,1,8,0.125,Timberwolves
Haywoode Workman,5,7,0.7142857142857143,Trail Blazers
Haywoode Workman,3,6,0.5,Warriors
Haywoode Workman,6,8,0.75,Wizards
Brandon Adair,0,2,0.0,76ers
Brandon Adair,0,2,0.0,Bucks
Brandon Adair,0,1,0.0,Bulls
Brandon Adair,0,1,0.0,Celtics
Brandon Adair,0,2,0.0,Grizzlies
Brandon Adair,0,1,0.0,Hawks
Brandon Adair,0,4,0.0,Heat
Brandon Adair,0,2,0.0,Hornets
Brandon Adair,0,2,0.0,Jazz
Brandon Adair,0,1,0.0,Kings
Brandon Adair,0,2,0.0,Lakers
Brandon Adair,3,1,3.0,Magic
Brandon Adair,1,1,1.0,Mavericks
Brandon Adair,0,1,0.0,Nets
Brandon Adair,1,3,0.3333333333333333,Nuggets
Brandon Adair,0,3,0.0,Pacers
Brandon Adair,0,1,0.0,Pelicans
Brandon Adair,1,2,0.5,Rockets
Brandon Adair,0,1,0.0,Suns
Brandon Adair,0,2,0.0,Thunder
Brandon Adair,0,1,0.0,Timberwolves
Brandon Adair,1,1,1.0,Trail Blazers
Brandon Adair,0,1,0.0,Wizards
Jacyn Goble,3,3,1.0,76ers
Jacyn Goble,2,5,0.4,Bucks
Jacyn Goble,0,4,0.0,Bulls
Jacyn Goble,1,5,0.2,Cavaliers
Jacyn Goble,1,8,0.125,Celtics
Jacyn Goble,0,1,0.0,Clippers
Jacyn Goble,3,5,0.6,Grizzlies
Jacyn Goble,3,4,0.75,Hawks
Jacyn Goble,0,4,0.0,Heat
Jacyn Goble,3,5,0.6,Hornets
Jacyn Goble,1,3,0.3333333333333333,Jazz
Jacyn Goble,0,1,0.0,Kings
Jacyn Goble,3,7,0.42857142857142855,Knicks
Jacyn Goble,1,2,0.5,Lakers
Jacyn Goble,4,4,1.0,Magic
Jacyn Goble,1,3,0.3333333333333333,Mavericks
Jacyn Goble,5,6,0.8333333333333334,Nets
Jacyn Goble,5,4,1.25,Nuggets
Jacyn Goble,0,4,0.0,Pacers
Jacyn Goble,1,2,0.5,Pelicans
Jacyn Goble,0,4,0.0,Pistons
Jacyn Goble,0,3,0.0,Raptors
Jacyn Goble,2,3,0.6666666666666666,Rockets
Jacyn Goble,2,2,1.0,Spurs
Jacyn Goble,3,4,0.75,Suns
Jacyn Goble,5,4,1.25,Thunder
Jacyn Goble,3,3,1.0,Timberwolves
Jacyn Goble,1,3,0.3333333333333333,Trail Blazers
Jacyn Goble,3,3,1.0,Warriors
Jacyn Goble,1,3,0.3333333333333333,Wizards
Phenizee Ransom,1,3,0.3333333333333333,76ers
Phenizee Ransom,0,4,0.0,Bucks
Phenizee Ransom,0,5,0.0,Bulls
Phenizee Ransom,1,4,0.25,Cavaliers
Phenizee Ransom,3,3,1.0,Celtics
Phenizee Ransom,3,4,0.75,Clippers
Phenizee Ransom,1,3,0.3333333333333333,Grizzlies
Phenizee Ransom,1,4,0.25,Hawks
Phenizee Ransom,3,6,0.5,Heat
Phenizee Ransom,2,4,0.5,Hornets
Phenizee Ransom,1,1,1.0,Jazz
Phenizee Ransom,1,2,0.5,Kings
Phenizee Ransom,2,5,0.4,Knicks
Phenizee Ransom,3,6,0.5,Lakers
Phenizee Ransom,3,5,0.6,Magic
Phenizee Ransom,1,3,0.3333333333333333,Mavericks
Phenizee Ransom,1,1,1.0,Nets
Phenizee Ransom,1,4,0.25,Nuggets
Phenizee Ransom,0,3,0.0,Pacers
Phenizee Ransom,2,2,1.0,Pelicans
Phenizee Ransom,2,2,1.0,Pistons
Phenizee Ransom,0,2,0.0,Raptors
Phenizee Ransom,2,3,0.6666666666666666,Rockets
Phenizee Ransom,0,2,0.0,Spurs
Phenizee Ransom,0,2,0.0,Suns
Phenizee Ransom,0,1,0.0,Thunder
Phenizee Ransom,2,2,1.0,Timberwolves
Phenizee Ransom,1,2,0.5,Trail Blazers
Phenizee Ransom,1,2,0.5,Warriors
Phenizee Ransom,3,4,0.75,Wizards
Rodney Mott,2,8,0.25,76ers
Rodney Mott,2,5,0.4,Bucks
Rodney Mott,0,3,0.0,Bulls
Rodney Mott,3,7,0.42857142857142855,Cavaliers
Rodney Mott,3,6,0.5,Celtics
Rodney Mott,3,8,0.375,Clippers
Rodney Mott,4,9,0.4444444444444444,Grizzlies
Rodney Mott,3,6,0.5,Hawks
Rodney Mott,2,11,0.18181818181818182,Heat
Rodney Mott,0,6,0.0,Hornets
Rodney Mott,2,10,0.2,Jazz
Rodney Mott,6,8,0.75,Kings
Rodney Mott,1,3,0.3333333333333333,Knicks
Rodney Mott,2,9,0.2222222222222222,Lakers
Rodney Mott,3,3,1.0,Magic
Rodney Mott,1,7,0.14285714285714285,Mavericks
Rodney Mott,4,8,0.5,Nets
Rodney Mott,5,8,0.625,Nuggets
Rodney Mott,7,7,1.0,Pacers
Rodney Mott,0,7,0.0,Pelicans
Rodney Mott,2,7,0.2857142857142857,Pistons
Rodney Mott,1,6,0.16666666666666666,Rockets
Rodney Mott,1,8,0.125,Spurs
Rodney Mott,2,9,0.2222222222222222,Suns
Rodney Mott,3,8,0.375,Thunder
Rodney Mott,1,5,0.2,Timberwolves
Rodney Mott,2,9,0.2222222222222222,Trail Blazers
Rodney Mott,6,6,1.0,Warriors
Rodney Mott,3,7,0.42857142857142855,Wizards
J.T. Orr,1,5,0.2,76ers
J.T. Orr,4,7,0.5714285714285714,Bucks
J.T. Orr,1,5,0.2,Bulls
J.T. Orr,0,2,0.0,Cavaliers
J.T. Orr,1,5,0.2,Celtics
J.T. Orr,8,10,0.8,Clippers
J.T. Orr,6,8,0.75,Grizzlies
J.T. Orr,0,10,0.0,Hawks
J.T. Orr,3,8,0.375,Heat
J.T. Orr,3,5,0.6,Hornets
J.T. Orr,0,6,0.0,Jazz
J.T. Orr,12,10,1.2,Kings
J.T. Orr,1,6,0.16666666666666666,Knicks
J.T. Orr,1,7,0.14285714285714285,Lakers
J.T. Orr,3,7,0.42857142857142855,Magic
J.T. Orr,3,4,0.75,Mavericks
J.T. Orr,0,4,0.0,Nets
J.T. Orr,1,4,0.25,Nuggets
J.T. Orr,2,4,0.5,Pacers
J.T. Orr,2,8,0.25,Pelicans
J.T. Orr,0,7,0.0,Pistons
J.T. Orr,1,3,0.3333333333333333,Raptors
J.T. Orr,4,6,0.6666666666666666,Rockets
J.T. Orr,0,5,0.0,Spurs
J.T. Orr,6,8,0.75,Suns
J.T. Orr,9,5,1.8,Thunder
J.T. Orr,4,5,0.8,Timberwolves
J.T. Orr,3,7,0.42857142857142855,Trail Blazers
J.T. Orr,5,10,0.5,Warriors
J.T. Orr,1,5,0.2,Wizards
Tre Maddox,0,3,0.0,76ers
Tre Maddox,2,6,0.3333333333333333,Bucks
Tre Maddox,0,4,0.0,Bulls
Tre Maddox,5,8,0.625,Cavaliers
Tre Maddox,0,3,0.0,Celtics
Tre Maddox,0,3,0.0,Clippers
Tre Maddox,4,8,0.5,Grizzlies
Tre Maddox,2,6,0.3333333333333333,Hawks
Tre Maddox,6,5,1.2,Heat
Tre Maddox,3,7,0.42857142857142855,Hornets
Tre Maddox,1,5,0.2,Jazz
Tre Maddox,4,7,0.5714285714285714,Kings
Tre Maddox,2,6,0.3333333333333333,Knicks
Tre Maddox,3,9,0.3333333333333333,Lakers
Tre Maddox,1,5,0.2,Magic
Tre Maddox,0,5,0.0,Mavericks
Tre Maddox,2,7,0.2857142857142857,Nets
Tre Maddox,0,8,0.0,Nuggets
Tre Maddox,2,6,0.3333333333333333,Pacers
Tre Maddox,5,6,0.8333333333333334,Pelicans
Tre Maddox,6,7,0.8571428571428571,Pistons
Tre Maddox,3,4,0.75,Raptors
Tre Maddox,4,6,0.6666666666666666,Rockets
Tre Maddox,5,8,0.625,Spurs
Tre Maddox,2,7,0.2857142857142857,Suns
Tre Maddox,5,7,0.7142857142857143,Thunder
Tre Maddox,0,4,0.0,Timberwolves
Tre Maddox,0,9,0.0,Trail Blazers
Tre Maddox,9,9,1.0,Warriors
Tre Maddox,3,8,0.375,Wizards
Curtis Blair,0,5,0.0,76ers
Curtis Blair,2,4,0.5,Bucks
Curtis Blair,0,6,0.0,Bulls
Curtis Blair,5,9,0.5555555555555556,Cavaliers
Curtis Blair,4,8,0.5,Celtics
Curtis Blair,2,5,0.4,Clippers
Curtis Blair,4,7,0.5714285714285714,Grizzlies
Curtis Blair,0,2,0.0,Hawks
Curtis Blair,1,9,0.1111111111111111,Heat
Curtis Blair,8,9,0.8888888888888888,Hornets
Curtis Blair,3,7,0.42857142857142855,Jazz
Curtis Blair,0,5,0.0,Kings
Curtis Blair,1,5,0.2,Knicks
Curtis Blair,2,6,0.3333333333333333,Lakers
Curtis Blair,14,10,1.4,Magic
Curtis Blair,1,4,0.25,Mavericks
Curtis Blair,3,5,0.6,Nets
Curtis Blair,3,5,0.6,Nuggets
Curtis Blair,3,8,0.375,Pacers
Curtis Blair,5,6,0.8333333333333334,Pelicans
Curtis Blair,3,9,0.3333333333333333,Pistons
Curtis Blair,1,8,0.125,Raptors
Curtis Blair,2,3,0.6666666666666666,Rockets
Curtis Blair,4,4,1.0,Spurs
Curtis Blair,2,3,0.6666666666666666,Suns
Curtis Blair,3,5,0.6,Thunder
Curtis Blair,2,5,0.4,Timberwolves
Curtis Blair,1,6,0.16666666666666666,Trail Blazers
Curtis Blair,2,4,0.5,Warriors
Curtis Blair,2,4,0.5,Wizards
Vladimir Voyard-Tadal,1,2,0.5,76ers
Vladimir Voyard-Tadal,2,2,1.0,Bucks
Vladimir Voyard-Tadal,2,1,2.0,Bulls
Vladimir Voyard-Tadal,0,2,0.0,Celtics
Vladimir Voyard-Tadal,0,1,0.0,Clippers
Vladimir Voyard-Tadal,1,1,1.0,Hawks
Vladimir Voyard-Tadal,2,1,2.0,Heat
Vladimir Voyard-Tadal,0,1,0.0,Kings
Vladimir Voyard-Tadal,0,2,0.0,Knicks
Vladimir Voyard-Tadal,0,2,0.0,Magic
Vladimir Voyard-Tadal,3,3,1.0,Nuggets
Vladimir Voyard-Tadal,0,1,0.0,Pacers
Vladimir Voyard-Tadal,0,1,0.0,Pelicans
Vladimir Voyard-Tadal,0,1,0.0,Pistons
Vladimir Voyard-Tadal,0,1,0.0,Suns
Vladimir Voyard-Tadal,0,1,0.0,Timberwolves
Vladimir Voyard-Tadal,1,2,0.5,Trail Blazers
Vladimir Voyard-Tadal,0,1,0.0,Wizards
Karl Lane,1,5,0.2,76ers
Karl Lane,3,6,0.5,Bucks
Karl Lane,1,8,0.125,Bulls
Karl Lane,2,8,0.25,Cavaliers
Karl Lane,0,3,0.0,Celtics
Karl Lane,6,7,0.8571428571428571,Clippers
Karl Lane,1,4,0.25,Grizzlies
Karl Lane,1,6,0.16666666666666666,Hawks
Karl Lane,4,9,0.4444444444444444,Heat
Karl Lane,3,7,0.42857142857142855,Hornets
Karl Lane,3,6,0.5,Jazz
Karl Lane,1,8,0.125,Kings
Karl Lane,4,6,0.6666666666666666,Knicks
Karl Lane,1,5,0.2,Lakers
Karl Lane,3,7,0.42857142857142855,Magic
Karl Lane,1,5,0.2,Mavericks
Karl Lane,0,6,0.0,Nets
Karl Lane,4,8,0.5,Nuggets
Karl Lane,1,5,0.2,Pacers
Karl Lane,1,10,0.1,Pelicans
Karl Lane,1,4,0.25,Pistons
Karl Lane,1,7,0.14285714285714285,Raptors
Karl Lane,7,8,0.875,Rockets
Karl Lane,1,8,0.125,Spurs
Karl Lane,5,7,0.7142857142857143,Suns
Karl Lane,4,6,0.6666666666666666,Thunder
Karl Lane,2,6,0.3333333333333333,Timberwolves
Karl Lane,2,9,0.2222222222222222,Trail Blazers
Karl Lane,3,8,0.375,Warriors
Karl Lane,4,4,1.0,Wizards
